frame.time_epoch,frame.time_delta,ip.proto,ip.ttl,ip.src,ip.dst,tcp.srcport,tcp.dstport,udp.srcport,udp.dstport,tcp.flags,tcp.seq,tcp.ack,tcp.len,tcp.window_size,tcp.options.mss,tcp.analysis.bytes_in_flight,udp.length,frame.len,label
1747142562.506585000,0.000000000,,,,,,,,,,,,,,,,,42,0
1747142562.506887000,0.000302000,,,,,,,,,,,,,,,,,60,0
1747142562.506905000,0.000018000,1,64,10.7.7.5,10.7.7.4,,,,,,,,,,,,,98,0
1747142562.507087000,0.000182000,1,64,10.7.7.4,10.7.7.5,,,,,,,,,,,,,98,0
1747142563.538329000,1.031242000,1,64,10.7.7.5,10.7.7.4,,,,,,,,,,,,,98,0
1747142563.538580000,0.000251000,1,64,10.7.7.4,10.7.7.5,,,,,,,,,,,,,98,0
1747142564.553174000,1.014594000,1,64,10.7.7.5,10.7.7.4,,,,,,,,,,,,,98,0
1747142564.553388000,0.000214000,1,64,10.7.7.4,10.7.7.5,,,,,,,,,,,,,98,0
1747142565.593715000,1.040327000,1,64,10.7.7.5,10.7.7.4,,,,,,,,,,,,,98,0
1747142565.594184000,0.000469000,1,64,10.7.7.4,10.7.7.5,,,,,,,,,,,,,98,0
1747142566.860632000,1.266448000,1,64,10.7.7.5,10.7.7.4,,,,,,,,,,,,,98,0
1747142566.861601000,0.000969000,1,64,10.7.7.4,10.7.7.5,,,,,,,,,,,,,98,0
1747142567.501313000,0.639712000,,,,,,,,,,,,,,,,,60,0
1747142567.501327000,0.000014000,,,,,,,,,,,,,,,,,42,0
1747142567.868382000,0.367055000,1,64,10.7.7.5,10.7.7.4,,,,,,,,,,,,,98,0
1747142567.868612000,0.000230000,1,64,10.7.7.4,10.7.7.5,,,,,,,,,,,,,98,0
1747142568.881448000,1.012836000,1,64,10.7.7.5,10.7.7.4,,,,,,,,,,,,,98,0
1747142568.881860000,0.000412000,1,64,10.7.7.4,10.7.7.5,,,,,,,,,,,,,98,0
1747142569.969247000,1.087387000,1,64,10.7.7.5,10.7.7.4,,,,,,,,,,,,,98,0
1747142569.969444000,0.000197000,1,64,10.7.7.4,10.7.7.5,,,,,,,,,,,,,98,0
1747142571.005288000,1.035844000,1,64,10.7.7.5,10.7.7.4,,,,,,,,,,,,,98,0
1747142571.005517000,0.000229000,1,64,10.7.7.4,10.7.7.5,,,,,,,,,,,,,98,0
1747142572.728782000,1.723265000,1,64,10.7.7.5,10.7.7.4,,,,,,,,,,,,,98,0
1747142572.729011000,0.000229000,1,64,10.7.7.4,10.7.7.5,,,,,,,,,,,,,98,0
1747142573.753719000,1.024708000,1,64,10.7.7.5,10.7.7.4,,,,,,,,,,,,,98,0
1747142573.753998000,0.000279000,1,64,10.7.7.4,10.7.7.5,,,,,,,,,,,,,98,0
1747142574.757326000,1.003328000,1,64,10.7.7.5,10.7.7.4,,,,,,,,,,,,,98,0
1747142574.757586000,0.000260000,1,64,10.7.7.4,10.7.7.5,,,,,,,,,,,,,98,0
1747142575.785441000,1.027855000,1,64,10.7.7.5,10.7.7.4,,,,,,,,,,,,,98,0
1747142575.785687000,0.000246000,1,64,10.7.7.4,10.7.7.5,,,,,,,,,,,,,98,0
1747142576.809045000,1.023358000,1,64,10.7.7.5,10.7.7.4,,,,,,,,,,,,,98,0
1747142576.809341000,0.000296000,1,64,10.7.7.4,10.7.7.5,,,,,,,,,,,,,98,0
1747142577.837201000,1.027860000,1,64,10.7.7.5,10.7.7.4,,,,,,,,,,,,,98,0
1747142577.837644000,0.000443000,1,64,10.7.7.4,10.7.7.5,,,,,,,,,,,,,98,0
1747142578.853242000,1.015598000,1,64,10.7.7.5,10.7.7.4,,,,,,,,,,,,,98,0
1747142578.853458000,0.000216000,1,64,10.7.7.4,10.7.7.5,,,,,,,,,,,,,98,0
1747142579.881232000,1.027774000,1,64,10.7.7.5,10.7.7.4,,,,,,,,,,,,,98,0
1747142579.881504000,0.000272000,1,64,10.7.7.4,10.7.7.5,,,,,,,,,,,,,98,0
1747142580.901223000,1.019719000,1,64,10.7.7.5,10.7.7.4,,,,,,,,,,,,,98,0
1747142580.901504000,0.000281000,1,64,10.7.7.4,10.7.7.5,,,,,,,,,,,,,98,0
1747142581.925660000,1.024156000,1,64,10.7.7.5,10.7.7.4,,,,,,,,,,,,,98,0
1747142581.925946000,0.000286000,1,64,10.7.7.4,10.7.7.5,,,,,,,,,,,,,98,0
1747142582.953380000,1.027434000,1,64,10.7.7.5,10.7.7.4,,,,,,,,,,,,,98,0
1747142582.953812000,0.000432000,1,64,10.7.7.4,10.7.7.5,,,,,,,,,,,,,98,0
1747142583.986555000,1.032743000,1,64,10.7.7.5,10.7.7.4,,,,,,,,,,,,,98,0
1747142583.986748000,0.000193000,1,64,10.7.7.4,10.7.7.5,,,,,,,,,,,,,98,0
1747142585.006456000,1.019708000,1,64,10.7.7.5,10.7.7.4,,,,,,,,,,,,,98,0
1747142585.006676000,0.000220000,1,64,10.7.7.4,10.7.7.5,,,,,,,,,,,,,98,0
1747142586.185346000,1.178670000,1,64,10.7.7.5,10.7.7.4,,,,,,,,,,,,,98,0
1747142586.185582000,0.000236000,1,64,10.7.7.4,10.7.7.5,,,,,,,,,,,,,98,0
1747142587.431160000,1.245578000,1,64,10.7.7.5,10.7.7.4,,,,,,,,,,,,,98,0
1747142587.431536000,0.000376000,1,64,10.7.7.4,10.7.7.5,,,,,,,,,,,,,98,0
1747142588.455459000,1.023923000,1,64,10.7.7.5,10.7.7.4,,,,,,,,,,,,,98,0
1747142588.455831000,0.000372000,1,64,10.7.7.4,10.7.7.5,,,,,,,,,,,,,98,0
1747142589.517347000,1.061516000,1,64,10.7.7.5,10.7.7.4,,,,,,,,,,,,,98,0
1747142589.517645000,0.000298000,1,64,10.7.7.4,10.7.7.5,,,,,,,,,,,,,98,0
1747142589.999210000,0.481565000,,,,,,,,,,,,,,,,,60,0
1747142589.999245000,0.000035000,,,,,,,,,,,,,,,,,42,0
1747142590.538426000,0.539181000,1,64,10.7.7.5,10.7.7.4,,,,,,,,,,,,,98,0
1747142590.538743000,0.000317000,1,64,10.7.7.4,10.7.7.5,,,,,,,,,,,,,98,0
1747142591.684212000,1.145469000,1,64,10.7.7.5,10.7.7.4,,,,,,,,,,,,,98,0
1747142591.684532000,0.000320000,1,64,10.7.7.4,10.7.7.5,,,,,,,,,,,,,98,0
1747142592.715954000,1.031422000,1,64,10.7.7.5,10.7.7.4,,,,,,,,,,,,,98,0
1747142592.716341000,0.000387000,1,64,10.7.7.4,10.7.7.5,,,,,,,,,,,,,98,0
1747142593.735321000,1.018980000,1,64,10.7.7.5,10.7.7.4,,,,,,,,,,,,,98,0
1747142593.735782000,0.000461000,1,64,10.7.7.4,10.7.7.5,,,,,,,,,,,,,98,0
1747142594.757554000,1.021772000,1,64,10.7.7.5,10.7.7.4,,,,,,,,,,,,,98,0
1747142594.757843000,0.000289000,1,64,10.7.7.4,10.7.7.5,,,,,,,,,,,,,98,0
1747142595.784735000,1.026892000,1,64,10.7.7.5,10.7.7.4,,,,,,,,,,,,,98,0
1747142595.785021000,0.000286000,1,64,10.7.7.4,10.7.7.5,,,,,,,,,,,,,98,0
1747142596.813770000,1.028749000,1,64,10.7.7.5,10.7.7.4,,,,,,,,,,,,,98,0
1747142596.814035000,0.000265000,1,64,10.7.7.4,10.7.7.5,,,,,,,,,,,,,98,0
1747142597.835100000,1.021065000,1,64,10.7.7.5,10.7.7.4,,,,,,,,,,,,,98,0
1747142597.835408000,0.000308000,1,64,10.7.7.4,10.7.7.5,,,,,,,,,,,,,98,0
1747142598.853286000,1.017878000,1,64,10.7.7.5,10.7.7.4,,,,,,,,,,,,,98,0
1747142598.853645000,0.000359000,1,64,10.7.7.4,10.7.7.5,,,,,,,,,,,,,98,0
1747142599.892937000,1.039292000,1,64,10.7.7.5,10.7.7.4,,,,,,,,,,,,,98,0
1747142599.893202000,0.000265000,1,64,10.7.7.4,10.7.7.5,,,,,,,,,,,,,98,0
1747142600.905435000,1.012233000,1,64,10.7.7.5,10.7.7.4,,,,,,,,,,,,,98,0
1747142600.905716000,0.000281000,1,64,10.7.7.4,10.7.7.5,,,,,,,,,,,,,98,0
1747142601.950742000,1.045026000,1,64,10.7.7.5,10.7.7.4,,,,,,,,,,,,,98,0
1747142601.951252000,0.000510000,1,64,10.7.7.4,10.7.7.5,,,,,,,,,,,,,98,0
1747142601.996245000,0.044993000,,,,,,,,,,,,,,,,,42,0
1747142601.996544000,0.000299000,,,,,,,,,,,,,,,,,60,0
1747142602.996737000,1.000193000,1,64,10.7.7.5,10.7.7.4,,,,,,,,,,,,,98,0
1747142602.996953000,0.000216000,1,64,10.7.7.4,10.7.7.5,,,,,,,,,,,,,98,0
1747142604.005477000,1.008524000,1,64,10.7.7.5,10.7.7.4,,,,,,,,,,,,,98,0
1747142604.006263000,0.000786000,1,64,10.7.7.4,10.7.7.5,,,,,,,,,,,,,98,0
1747142605.021384000,1.015121000,1,64,10.7.7.5,10.7.7.4,,,,,,,,,,,,,98,0
1747142605.021811000,0.000427000,1,64,10.7.7.4,10.7.7.5,,,,,,,,,,,,,98,0
1747142606.054070000,1.032259000,1,64,10.7.7.5,10.7.7.4,,,,,,,,,,,,,98,0
1747142606.054439000,0.000369000,1,64,10.7.7.4,10.7.7.5,,,,,,,,,,,,,98,0
1747142606.886988000,0.832549000,17,64,10.7.7.4,10.7.7.255,,,138,138,,,,,,,,252,286,0
1747142606.886988000,0.000000000,17,64,10.7.7.4,10.7.7.255,,,138,138,,,,,,,,223,257,0
1747142607.083206000,0.196218000,1,64,10.7.7.5,10.7.7.4,,,,,,,,,,,,,98,0
1747142607.083470000,0.000264000,1,64,10.7.7.4,10.7.7.5,,,,,,,,,,,,,98,0
1747142607.548992000,0.465522000,,,,,,,,,,,,,,,,,62,0
1747142608.108994000,0.560002000,1,64,10.7.7.5,10.7.7.4,,,,,,,,,,,,,98,0
1747142608.109254000,0.000260000,1,64,10.7.7.4,10.7.7.5,,,,,,,,,,,,,98,0
1747142609.164967000,1.055713000,1,64,10.7.7.5,10.7.7.4,,,,,,,,,,,,,98,0
1747142609.165175000,0.000208000,1,64,10.7.7.4,10.7.7.5,,,,,,,,,,,,,98,0
1747142609.731348000,0.566173000,1,64,10.7.7.4,10.7.7.5,,,,,,,,,,,,,98,0
1747142609.731372000,0.000024000,1,64,10.7.7.5,10.7.7.4,,,,,,,,,,,,,98,0
1747142610.181318000,0.449946000,1,64,10.7.7.5,10.7.7.4,,,,,,,,,,,,,98,0
1747142610.181551000,0.000233000,1,64,10.7.7.4,10.7.7.5,,,,,,,,,,,,,98,0
1747142610.730872000,0.549321000,1,64,10.7.7.4,10.7.7.5,,,,,,,,,,,,,98,0
1747142610.730900000,0.000028000,1,64,10.7.7.5,10.7.7.4,,,,,,,,,,,,,98,0
1747142611.209357000,0.478457000,1,64,10.7.7.5,10.7.7.4,,,,,,,,,,,,,98,0
1747142611.209564000,0.000207000,1,64,10.7.7.4,10.7.7.5,,,,,,,,,,,,,98,0
1747142611.729888000,0.520324000,1,64,10.7.7.4,10.7.7.5,,,,,,,,,,,,,98,0
1747142611.729926000,0.000038000,1,64,10.7.7.5,10.7.7.4,,,,,,,,,,,,,98,0
1747142612.259137000,0.529211000,1,64,10.7.7.5,10.7.7.4,,,,,,,,,,,,,98,0
1747142612.259388000,0.000251000,1,64,10.7.7.4,10.7.7.5,,,,,,,,,,,,,98,0
1747142612.729371000,0.469983000,1,64,10.7.7.4,10.7.7.5,,,,,,,,,,,,,98,0
1747142612.729411000,0.000040000,1,64,10.7.7.5,10.7.7.4,,,,,,,,,,,,,98,0
1747142613.729354000,0.999943000,1,64,10.7.7.4,10.7.7.5,,,,,,,,,,,,,98,0
1747142613.729391000,0.000037000,1,64,10.7.7.5,10.7.7.4,,,,,,,,,,,,,98,0
1747142613.738647000,0.009256000,1,64,10.7.7.5,10.7.7.4,,,,,,,,,,,,,98,0
1747142613.739401000,0.000754000,1,64,10.7.7.4,10.7.7.5,,,,,,,,,,,,,98,0
1747142614.729292000,0.989891000,1,64,10.7.7.4,10.7.7.5,,,,,,,,,,,,,98,0
1747142614.729320000,0.000028000,1,64,10.7.7.5,10.7.7.4,,,,,,,,,,,,,98,0
1747142614.739493000,0.010173000,1,64,10.7.7.5,10.7.7.4,,,,,,,,,,,,,98,0
1747142614.739991000,0.000498000,1,64,10.7.7.4,10.7.7.5,,,,,,,,,,,,,98,0
1747142615.729938000,0.989947000,1,64,10.7.7.4,10.7.7.5,,,,,,,,,,,,,98,0
1747142615.729964000,0.000026000,1,64,10.7.7.5,10.7.7.4,,,,,,,,,,,,,98,0
1747142615.749356000,0.019392000,1,64,10.7.7.5,10.7.7.4,,,,,,,,,,,,,98,0
1747142615.749581000,0.000225000,1,64,10.7.7.4,10.7.7.5,,,,,,,,,,,,,98,0
1747142616.730555000,0.980974000,1,64,10.7.7.4,10.7.7.5,,,,,,,,,,,,,98,0
1747142616.730593000,0.000038000,1,64,10.7.7.5,10.7.7.4,,,,,,,,,,,,,98,0
1747142616.778161000,0.047568000,1,64,10.7.7.5,10.7.7.4,,,,,,,,,,,,,98,0
1747142616.778438000,0.000277000,1,64,10.7.7.4,10.7.7.5,,,,,,,,,,,,,98,0
1747142617.731227000,0.952789000,1,64,10.7.7.4,10.7.7.5,,,,,,,,,,,,,98,0
1747142617.731278000,0.000051000,1,64,10.7.7.5,10.7.7.4,,,,,,,,,,,,,98,0
1747142617.801235000,0.069957000,1,64,10.7.7.5,10.7.7.4,,,,,,,,,,,,,98,0
1747142617.801497000,0.000262000,1,64,10.7.7.4,10.7.7.5,,,,,,,,,,,,,98,0
1747142618.732822000,0.931325000,1,64,10.7.7.4,10.7.7.5,,,,,,,,,,,,,98,0
1747142618.732854000,0.000032000,1,64,10.7.7.5,10.7.7.4,,,,,,,,,,,,,98,0
1747142618.825300000,0.092446000,1,64,10.7.7.5,10.7.7.4,,,,,,,,,,,,,98,0
1747142618.825566000,0.000266000,1,64,10.7.7.4,10.7.7.5,,,,,,,,,,,,,98,0
1747142620.131904000,1.306338000,1,64,10.7.7.5,10.7.7.4,,,,,,,,,,,,,98,0
1747142620.132192000,0.000288000,1,64,10.7.7.4,10.7.7.5,,,,,,,,,,,,,98,0
1747142621.166944000,1.034752000,1,64,10.7.7.5,10.7.7.4,,,,,,,,,,,,,98,0
1747142621.167184000,0.000240000,1,64,10.7.7.4,10.7.7.5,,,,,,,,,,,,,98,0
1747142622.193312000,1.026128000,1,64,10.7.7.5,10.7.7.4,,,,,,,,,,,,,98,0
1747142622.193776000,0.000464000,1,64,10.7.7.4,10.7.7.5,,,,,,,,,,,,,98,0
1747142623.635903000,1.442127000,1,64,10.7.7.5,10.7.7.4,,,,,,,,,,,,,98,0
1747142623.636113000,0.000210000,1,64,10.7.7.4,10.7.7.5,,,,,,,,,,,,,98,0
1747142624.681566000,1.045453000,1,64,10.7.7.5,10.7.7.4,,,,,,,,,,,,,98,0
1747142624.681775000,0.000209000,1,64,10.7.7.4,10.7.7.5,,,,,,,,,,,,,98,0
1747142625.703397000,1.021622000,1,64,10.7.7.5,10.7.7.4,,,,,,,,,,,,,98,0
1747142625.703681000,0.000284000,1,64,10.7.7.4,10.7.7.5,,,,,,,,,,,,,98,0
1747142626.727902000,1.024221000,1,64,10.7.7.5,10.7.7.4,,,,,,,,,,,,,98,0
1747142626.728199000,0.000297000,1,64,10.7.7.4,10.7.7.5,,,,,,,,,,,,,98,0
1747142627.749397000,1.021198000,1,64,10.7.7.5,10.7.7.4,,,,,,,,,,,,,98,0
1747142627.749635000,0.000238000,1,64,10.7.7.4,10.7.7.5,,,,,,,,,,,,,98,0
1747142628.809820000,1.060185000,1,64,10.7.7.5,10.7.7.4,,,,,,,,,,,,,98,0
1747142628.810146000,0.000326000,1,64,10.7.7.4,10.7.7.5,,,,,,,,,,,,,98,0
1747142629.885559000,1.075413000,1,64,10.7.7.5,10.7.7.4,,,,,,,,,,,,,98,0
1747142629.885753000,0.000194000,1,64,10.7.7.4,10.7.7.5,,,,,,,,,,,,,98,0
1747142630.945378000,1.059625000,1,64,10.7.7.5,10.7.7.4,,,,,,,,,,,,,98,0
1747142630.945667000,0.000289000,1,64,10.7.7.4,10.7.7.5,,,,,,,,,,,,,98,0
1747142666.671157000,35.725490000,17,64,10.7.7.5,10.7.7.3,,,68,67,,,,,,,,290,324,0
1747142666.676146000,0.004989000,17,255,10.7.7.3,10.7.7.5,,,67,68,,,,,,,,556,590,0
1747142671.884362000,5.208216000,,,,,,,,,,,,,,,,,42,0
1747142671.884554000,0.000192000,,,,,,,,,,,,,,,,,60,0
1747142809.850146000,137.965592000,6,64,10.7.7.5,10.7.7.4,40758,21,,,0x0002,0,0,0,65535,020405b4,,,74,0
1747142809.850382000,0.000236000,6,64,10.7.7.4,10.7.7.5,21,40758,,,0x0012,0,1,0,5792,020405b4,,,74,0
1747142809.850416000,0.000034000,6,64,10.7.7.5,10.7.7.4,40758,21,,,0x0010,1,1,0,129940,,,,66,0
1747142810.258706000,0.408290000,6,64,10.7.7.4,10.7.7.5,21,40758,,,0x0018,1,1,20,5888,,20,,86,0
1747142810.258769000,0.000063000,6,64,10.7.7.5,10.7.7.4,40758,21,,,0x0010,1,21,0,129920,,,,66,0
1747142810.259095000,0.000326000,6,64,10.7.7.5,10.7.7.4,40758,21,,,0x0018,1,21,16,129920,,16,,82,0
1747142810.259268000,0.000173000,6,64,10.7.7.4,10.7.7.5,21,40758,,,0x0010,21,17,0,5888,,,,66,0
1747142810.259375000,0.000107000,6,64,10.7.7.4,10.7.7.5,21,40758,,,0x0018,21,17,34,5888,,34,,100,0
1747142810.259558000,0.000183000,6,64,10.7.7.5,10.7.7.4,40758,21,,,0x0018,17,55,16,129888,,16,,82,0
1747142810.294848000,0.035290000,6,64,10.7.7.4,10.7.7.5,21,40758,,,0x0018,55,33,23,5888,,23,,89,0
1747142810.295060000,0.000212000,6,64,10.7.7.5,10.7.7.4,40758,21,,,0x0018,33,78,6,129868,,6,,72,0
1747142810.295287000,0.000227000,6,64,10.7.7.4,10.7.7.5,21,40758,,,0x0018,78,39,19,5888,,19,,85,0
1747142810.295494000,0.000207000,6,64,10.7.7.5,10.7.7.4,40758,21,,,0x0018,39,97,6,129852,,6,,72,0
1747142810.295664000,0.000170000,6,64,10.7.7.4,10.7.7.5,21,40758,,,0x0018,97,45,15,5888,,15,,81,0
1747142810.295664000,0.000000000,6,64,10.7.7.4,10.7.7.5,21,40758,,,0x0018,112,45,7,5888,,22,,73,0
1747142810.295708000,0.000044000,6,64,10.7.7.5,10.7.7.4,40758,21,,,0x0010,45,119,0,129832,,,,66,0
1747142810.295839000,0.000131000,6,64,10.7.7.4,10.7.7.5,21,40758,,,0x0018,119,45,65,5888,,65,,131,0
1747142810.296038000,0.000199000,6,64,10.7.7.5,10.7.7.4,40758,21,,,0x0018,45,184,6,129768,,6,,72,0
1747142810.300540000,0.004502000,6,64,10.7.7.4,10.7.7.5,21,40758,,,0x0018,184,51,49,5888,,49,,115,0
1747142810.300788000,0.000248000,6,64,10.7.7.5,10.7.7.4,36934,48667,,,0x0002,0,0,0,65535,020405b4,,,74,0
1747142810.300970000,0.000182000,6,64,10.7.7.4,10.7.7.5,48667,36934,,,0x0012,0,1,0,5792,020405b4,,,74,0
1747142810.301000000,0.000030000,6,64,10.7.7.5,10.7.7.4,36934,48667,,,0x0010,1,1,0,129940,,,,66,0
1747142810.301145000,0.000145000,6,64,10.7.7.5,10.7.7.4,40758,21,,,0x0018,51,233,6,129720,,6,,72,0
1747142810.301376000,0.000231000,6,64,10.7.7.4,10.7.7.5,21,40758,,,0x0018,233,57,39,5888,,39,,105,0
1747142810.301434000,0.000058000,6,64,10.7.7.4,10.7.7.5,21,40758,,,0x0018,272,57,24,5888,,63,,90,0
1747142810.301483000,0.000049000,6,64,10.7.7.4,10.7.7.5,48667,36934,,,0x0011,1,1,0,5888,,,,66,0
1747142810.301552000,0.000069000,6,64,10.7.7.5,10.7.7.4,36934,48667,,,0x0011,1,2,0,129940,,,,66,0
1747142810.301604000,0.000052000,6,64,10.7.7.5,10.7.7.4,40758,21,,,0x0010,57,296,0,129660,,,,66,0
1747142810.301650000,0.000046000,6,64,10.7.7.4,10.7.7.5,48667,36934,,,0x0010,2,2,0,5888,,,,66,0
1747142810.301686000,0.000036000,6,64,10.7.7.5,10.7.7.4,40758,21,,,0x0018,57,296,6,129660,,6,,72,0
1747142810.310506000,0.008820000,6,64,10.7.7.4,10.7.7.5,21,40758,,,0x0018,296,63,14,5888,,14,,80,0
1747142810.310507000,0.000001000,6,64,10.7.7.4,10.7.7.5,21,40758,,,0x0011,310,63,0,5888,,,,66,0
1747142810.310597000,0.000090000,6,64,10.7.7.5,10.7.7.4,40758,21,,,0x0011,63,311,0,129648,,,,66,0
1747142810.310750000,0.000153000,6,64,10.7.7.4,10.7.7.5,21,40758,,,0x0010,311,64,0,5888,,,,66,0
1747142827.927693000,17.616943000,6,64,10.7.7.5,10.7.7.4,56396,21,,,0x0002,0,0,0,65535,020405b4,,,74,0
1747142827.928009000,0.000316000,6,64,10.7.7.4,10.7.7.5,21,56396,,,0x0012,0,1,0,5792,020405b4,,,74,0
1747142827.928027000,0.000018000,6,64,10.7.7.5,10.7.7.4,56396,21,,,0x0010,1,1,0,129940,,,,66,0
1747142827.929736000,0.001709000,6,64,10.7.7.4,10.7.7.5,21,56396,,,0x0018,1,1,20,5888,,20,,86,0
1747142827.929768000,0.000032000,6,64,10.7.7.5,10.7.7.4,56396,21,,,0x0010,1,21,0,129920,,,,66,0
1747142827.929919000,0.000151000,6,64,10.7.7.5,10.7.7.4,56396,21,,,0x0018,1,21,16,129920,,16,,82,0
1747142827.930024000,0.000105000,6,64,10.7.7.4,10.7.7.5,21,56396,,,0x0010,21,17,0,5888,,,,66,0
1747142827.930188000,0.000164000,6,64,10.7.7.4,10.7.7.5,21,56396,,,0x0018,21,17,34,5888,,34,,100,0
1747142827.930239000,0.000051000,6,64,10.7.7.5,10.7.7.4,56396,21,,,0x0018,17,55,16,129888,,16,,82,0
1747142827.964025000,0.033786000,6,64,10.7.7.4,10.7.7.5,21,56396,,,0x0018,55,33,23,5888,,23,,89,0
1747142827.964287000,0.000262000,6,64,10.7.7.5,10.7.7.4,56396,21,,,0x0018,33,78,6,129868,,6,,72,0
1747142827.985597000,0.021310000,6,64,10.7.7.4,10.7.7.5,21,56396,,,0x0018,78,39,19,5888,,19,,85,0
1747142827.985724000,0.000127000,6,64,10.7.7.5,10.7.7.4,56396,21,,,0x0018,39,97,6,129852,,6,,72,0
1747142827.995622000,0.009898000,6,64,10.7.7.4,10.7.7.5,21,56396,,,0x0018,97,45,15,5888,,15,,81,0
1747142827.995624000,0.000002000,6,64,10.7.7.4,10.7.7.5,21,56396,,,0x0018,112,45,7,5888,,22,,73,0
1747142827.995624000,0.000000000,6,64,10.7.7.4,10.7.7.5,21,56396,,,0x0018,119,45,7,5888,,29,,73,0
1747142827.995703000,0.000079000,6,64,10.7.7.5,10.7.7.4,56396,21,,,0x0010,45,126,0,129824,,,,66,0
1747142827.995882000,0.000179000,6,64,10.7.7.4,10.7.7.5,21,56396,,,0x0018,126,45,58,5888,,58,,124,0
1747142827.996033000,0.000151000,6,64,10.7.7.5,10.7.7.4,56396,21,,,0x0018,45,184,6,129768,,6,,72,0
1747142828.005688000,0.009655000,6,64,10.7.7.4,10.7.7.5,21,56396,,,0x0018,184,51,49,5888,,49,,115,0
1747142828.005999000,0.000311000,6,64,10.7.7.5,10.7.7.4,58524,42334,,,0x0002,0,0,0,65535,020405b4,,,74,0
1747142828.006279000,0.000280000,6,64,10.7.7.4,10.7.7.5,42334,58524,,,0x0012,0,1,0,5792,020405b4,,,74,0
1747142828.006315000,0.000036000,6,64,10.7.7.5,10.7.7.4,58524,42334,,,0x0010,1,1,0,129940,,,,66,0
1747142828.006587000,0.000272000,6,64,10.7.7.5,10.7.7.4,56396,21,,,0x0018,51,233,6,129720,,6,,72,0
1747142828.006856000,0.000269000,6,64,10.7.7.4,10.7.7.5,21,56396,,,0x0018,233,57,39,5888,,39,,105,0
1747142828.007178000,0.000322000,6,64,10.7.7.4,10.7.7.5,42334,58524,,,0x0011,1,1,0,5888,,,,66,0
1747142828.007218000,0.000040000,6,64,10.7.7.5,10.7.7.4,58524,42334,,,0x0011,1,2,0,129940,,,,66,0
1747142828.007466000,0.000248000,6,64,10.7.7.4,10.7.7.5,42334,58524,,,0x0010,2,2,0,5888,,,,66,0
1747142828.007742000,0.000276000,6,64,10.7.7.4,10.7.7.5,21,56396,,,0x0018,272,57,24,5888,,63,,90,0
1747142828.007768000,0.000026000,6,64,10.7.7.5,10.7.7.4,56396,21,,,0x0010,57,296,0,129660,,,,66,0
1747142828.008020000,0.000252000,6,64,10.7.7.5,10.7.7.4,56396,21,,,0x0018,57,296,6,129660,,6,,72,0
1747142828.017606000,0.009586000,6,64,10.7.7.4,10.7.7.5,21,56396,,,0x0018,296,63,14,5888,,14,,80,0
1747142828.017608000,0.000002000,6,64,10.7.7.4,10.7.7.5,21,56396,,,0x0011,310,63,0,5888,,,,66,0
1747142828.017767000,0.000159000,6,64,10.7.7.5,10.7.7.4,56396,21,,,0x0011,63,311,0,129648,,,,66,0
1747142828.017943000,0.000176000,6,64,10.7.7.4,10.7.7.5,21,56396,,,0x0010,311,64,0,5888,,,,66,0
1747142907.010196000,78.992253000,17,64,10.7.7.4,10.7.7.255,,,138,138,,,,,,,,252,286,0
1747142907.010197000,0.000001000,17,64,10.7.7.4,10.7.7.255,,,138,138,,,,,,,,223,257,0
1747142966.875957000,59.865760000,17,64,10.7.7.5,10.7.7.3,,,68,67,,,,,,,,290,324,0
1747142966.880412000,0.004455000,17,255,10.7.7.3,10.7.7.5,,,67,68,,,,,,,,556,590,0
1747142971.913694000,5.033282000,,,,,,,,,,,,,,,,,42,0
1747142971.913821000,0.000127000,,,,,,,,,,,,,,,,,60,0
1747143052.202530000,80.288709000,,,,,,,,,,,,,,,,,42,0
1747143052.203729000,0.001199000,,,,,,,,,,,,,,,,,60,0
1747143052.203736000,0.000007000,6,64,10.7.7.5,10.0.3.7,32966,21,,,0x0002,0,0,0,65535,020405b4,,,74,0
1747143053.225677000,1.021941000,6,64,10.7.7.5,10.0.3.7,32966,21,,,0x0002,0,0,0,65535,020405b4,,,74,0
1747143054.245544000,1.019867000,6,64,10.7.7.5,10.0.3.7,32966,21,,,0x0002,0,0,0,65535,020405b4,,,74,0
1747143055.273559000,1.028015000,6,64,10.7.7.5,10.0.3.7,32966,21,,,0x0002,0,0,0,65535,020405b4,,,74,0
1747143056.355496000,1.081937000,6,64,10.7.7.5,10.0.3.7,32966,21,,,0x0002,0,0,0,65535,020405b4,,,74,0
1747143057.381940000,1.026444000,6,64,10.7.7.5,10.0.3.7,32966,21,,,0x0002,0,0,0,65535,020405b4,,,74,0
1747143059.397262000,2.015322000,6,64,10.7.7.5,10.0.3.7,32966,21,,,0x0002,0,0,0,65535,020405b4,,,74,0
1747143063.830751000,4.433489000,6,64,10.7.7.5,10.0.3.7,32966,21,,,0x0002,0,0,0,65535,020405b4,,,74,0
1747143072.005435000,8.174684000,6,64,10.7.7.5,10.0.3.7,32966,21,,,0x0002,0,0,0,65535,020405b4,,,74,0
1747143079.807146000,7.801711000,6,64,10.7.7.5,10.7.7.4,40562,21,,,0x0002,0,0,0,65535,020405b4,,,74,0
1747143079.813255000,0.006109000,,,,,,,,,,,,,,,,,60,0
1747143079.813267000,0.000012000,,,,,,,,,,,,,,,,,42,0
1747143079.813411000,0.000144000,6,64,10.7.7.4,10.7.7.5,21,40562,,,0x0012,0,1,0,5792,020405b4,,,74,0
1747143079.813443000,0.000032000,6,64,10.7.7.5,10.7.7.4,40562,21,,,0x0010,1,1,0,129940,,,,66,0
1747143079.815284000,0.001841000,6,64,10.7.7.4,10.7.7.5,21,40562,,,0x0018,1,1,20,5888,,20,,86,0
1747143079.815309000,0.000025000,6,64,10.7.7.5,10.7.7.4,40562,21,,,0x0010,1,21,0,129920,,,,66,0
1747143079.815447000,0.000138000,6,64,10.7.7.5,10.7.7.4,40562,21,,,0x0018,1,21,16,129920,,16,,82,0
1747143079.815567000,0.000120000,6,64,10.7.7.4,10.7.7.5,21,40562,,,0x0010,21,17,0,5888,,,,66,0
1747143079.819311000,0.003744000,6,64,10.7.7.4,10.7.7.5,21,40562,,,0x0018,21,17,34,5888,,34,,100,0
1747143079.819454000,0.000143000,6,64,10.7.7.5,10.7.7.4,40562,21,,,0x0018,17,55,16,129888,,16,,82,0
1747143079.851330000,0.031876000,6,64,10.7.7.4,10.7.7.5,21,40562,,,0x0010,55,33,0,5888,,,,66,0
1747143079.853585000,0.002255000,6,64,10.7.7.4,10.7.7.5,21,40562,,,0x0018,55,33,23,5888,,23,,89,0
1747143079.853668000,0.000083000,6,64,10.7.7.5,10.7.7.4,40562,21,,,0x0018,33,78,6,129868,,6,,72,0
1747143079.853795000,0.000127000,6,64,10.7.7.4,10.7.7.5,21,40562,,,0x0010,78,39,0,5888,,,,66,0
1747143079.865408000,0.011613000,6,64,10.7.7.4,10.7.7.5,21,40562,,,0x0018,78,39,19,5888,,19,,85,0
1747143079.865598000,0.000190000,6,64,10.7.7.5,10.7.7.4,40562,21,,,0x0018,39,97,6,129852,,6,,72,0
1747143079.875080000,0.009482000,6,64,10.7.7.4,10.7.7.5,21,40562,,,0x0018,97,45,15,5888,,15,,81,0
1747143079.875081000,0.000001000,6,64,10.7.7.4,10.7.7.5,21,40562,,,0x0018,112,45,7,5888,,22,,73,0
1747143079.875137000,0.000056000,6,64,10.7.7.5,10.7.7.4,40562,21,,,0x0010,45,119,0,129832,,,,66,0
1747143079.875357000,0.000220000,6,64,10.7.7.4,10.7.7.5,21,40562,,,0x0018,119,45,65,5888,,65,,131,0
1747143079.875495000,0.000138000,6,64,10.7.7.5,10.7.7.4,40562,21,,,0x0018,45,184,8,129768,,8,,74,0
1747143079.887184000,0.011689000,6,64,10.7.7.4,10.7.7.5,21,40562,,,0x0018,184,53,31,5888,,31,,97,0
1747143079.887342000,0.000158000,6,64,10.7.7.5,10.7.7.4,40562,21,,,0x0018,53,215,6,129740,,6,,72,0
1747143079.899088000,0.011746000,6,64,10.7.7.4,10.7.7.5,21,40562,,,0x0018,215,59,49,5888,,49,,115,0
1747143079.899563000,0.000475000,6,64,10.7.7.5,10.7.7.4,41956,46786,,,0x0002,0,0,0,65535,020405b4,,,74,0
1747143079.899754000,0.000191000,6,64,10.7.7.4,10.7.7.5,46786,41956,,,0x0012,0,1,0,5792,020405b4,,,74,0
1747143079.899778000,0.000024000,6,64,10.7.7.5,10.7.7.4,41956,46786,,,0x0010,1,1,0,129940,,,,66,0
1747143079.899853000,0.000075000,6,64,10.7.7.5,10.7.7.4,40562,21,,,0x0018,59,264,16,129692,,16,,82,0
1747143079.908941000,0.009088000,6,64,10.7.7.4,10.7.7.5,21,40562,,,0x0018,264,75,28,5888,,28,,94,0
1747143079.909077000,0.000136000,6,64,10.7.7.5,10.7.7.4,41956,46786,,,0x0011,1,1,0,129940,,,,66,0
1747143079.909233000,0.000156000,6,64,10.7.7.5,10.7.7.4,40562,21,,,0x0018,75,292,6,129664,,6,,72,0
1747143079.912622000,0.003389000,6,64,10.7.7.4,10.7.7.5,46786,41956,,,0x0010,1,2,0,5888,,,,66,0
1747143079.918638000,0.006016000,6,64,10.7.7.4,10.7.7.5,46786,41956,,,0x0014,1,2,0,5888,,,,66,0
1747143079.918717000,0.000079000,6,64,10.7.7.4,10.7.7.5,21,40562,,,0x0018,292,81,49,5888,,49,,115,0
1747143079.918829000,0.000112000,6,64,10.7.7.5,10.7.7.4,44060,48470,,,0x0002,0,0,0,65535,020405b4,,,74,0
1747143079.918959000,0.000130000,6,64,10.7.7.4,10.7.7.5,48470,44060,,,0x0012,0,1,0,5792,020405b4,,,74,0
1747143079.918973000,0.000014000,6,64,10.7.7.5,10.7.7.4,44060,48470,,,0x0010,1,1,0,129940,,,,66,0
1747143079.919001000,0.000028000,6,64,10.7.7.5,10.7.7.4,40562,21,,,0x0018,81,341,16,129624,,16,,82,0
1747143079.930727000,0.011726000,6,64,10.7.7.4,10.7.7.5,21,40562,,,0x0018,341,97,28,5888,,28,,94,0
1747143079.930934000,0.000207000,6,64,10.7.7.5,10.7.7.4,44060,48470,,,0x0011,1,1,0,129940,,,,66,0
1747143079.931084000,0.000150000,6,64,10.7.7.5,10.7.7.4,40562,21,,,0x0018,97,369,6,129624,,6,,72,0
1747143079.942804000,0.011720000,6,64,10.7.7.4,10.7.7.5,48470,44060,,,0x0010,1,2,0,5888,,,,66,0
1747143079.952887000,0.010083000,6,64,10.7.7.4,10.7.7.5,48470,44060,,,0x0014,1,2,0,5888,,,,66,0
1747143079.952889000,0.000002000,6,64,10.7.7.4,10.7.7.5,21,40562,,,0x0018,369,103,48,5888,,48,,114,0
1747143079.953145000,0.000256000,6,64,10.7.7.5,10.7.7.4,48882,6804,,,0x0002,0,0,0,65535,020405b4,,,74,0
1747143079.953303000,0.000158000,6,64,10.7.7.4,10.7.7.5,6804,48882,,,0x0012,0,1,0,5792,020405b4,,,74,0
1747143079.953318000,0.000015000,6,64,10.7.7.5,10.7.7.4,48882,6804,,,0x0010,1,1,0,129940,,,,66,0
1747143079.953365000,0.000047000,6,64,10.7.7.5,10.7.7.4,40562,21,,,0x0018,103,417,16,129624,,16,,82,0
1747143079.972903000,0.019538000,6,64,10.7.7.4,10.7.7.5,21,40562,,,0x0018,417,119,28,5888,,28,,94,0
1747143079.973102000,0.000199000,6,64,10.7.7.5,10.7.7.4,48882,6804,,,0x0011,1,1,0,129940,,,,66,0
1747143079.973443000,0.000341000,6,64,10.7.7.5,10.7.7.4,40562,21,,,0x0018,119,445,6,129624,,6,,72,0
1747143079.982337000,0.008894000,6,64,10.7.7.4,10.7.7.5,6804,48882,,,0x0010,1,2,0,5888,,,,66,0
1747143079.986289000,0.003952000,6,64,10.7.7.4,10.7.7.5,6804,48882,,,0x0014,1,2,0,5888,,,,66,0
1747143079.996372000,0.010083000,6,64,10.7.7.4,10.7.7.5,21,40562,,,0x0018,445,125,49,5888,,49,,115,0
1747143079.996538000,0.000166000,6,64,10.7.7.5,10.7.7.4,57026,16539,,,0x0002,0,0,0,65535,020405b4,,,74,0
1747143079.996783000,0.000245000,6,64,10.7.7.4,10.7.7.5,16539,57026,,,0x0012,0,1,0,5792,020405b4,,,74,0
1747143079.996824000,0.000041000,6,64,10.7.7.5,10.7.7.4,57026,16539,,,0x0010,1,1,0,129940,,,,66,0
1747143079.996857000,0.000033000,6,64,10.7.7.5,10.7.7.4,40562,21,,,0x0018,125,494,16,129624,,16,,82,0
1747143080.018441000,0.021584000,6,64,10.7.7.4,10.7.7.5,21,40562,,,0x0018,494,141,28,5888,,28,,94,0
1747143080.018549000,0.000108000,6,64,10.7.7.5,10.7.7.4,57026,16539,,,0x0011,1,1,0,129940,,,,66,0
1747143080.018679000,0.000130000,6,64,10.7.7.5,10.7.7.4,40562,21,,,0x0018,141,522,6,129624,,6,,72,0
1747143080.022415000,0.003736000,6,64,10.7.7.4,10.7.7.5,16539,57026,,,0x0010,1,2,0,5888,,,,66,0
1747143080.022516000,0.000101000,6,64,10.7.7.4,10.7.7.5,16539,57026,,,0x0014,1,2,0,5888,,,,66,0
1747143080.038467000,0.015951000,6,64,10.7.7.4,10.7.7.5,21,40562,,,0x0018,522,147,49,5888,,49,,115,0
1747143080.038594000,0.000127000,6,64,10.7.7.5,10.7.7.4,50748,23255,,,0x0002,0,0,0,65535,020405b4,,,74,0
1747143080.038748000,0.000154000,6,64,10.7.7.4,10.7.7.5,23255,50748,,,0x0012,0,1,0,5792,020405b4,,,74,0
1747143080.038767000,0.000019000,6,64,10.7.7.5,10.7.7.4,50748,23255,,,0x0010,1,1,0,129940,,,,66,0
1747143080.038943000,0.000176000,6,64,10.7.7.5,10.7.7.4,40562,21,,,0x0018,147,571,16,129624,,16,,82,0
1747143080.050544000,0.011601000,6,64,10.7.7.4,10.7.7.5,21,40562,,,0x0018,571,163,28,5888,,28,,94,0
1747143080.050744000,0.000200000,6,64,10.7.7.5,10.7.7.4,50748,23255,,,0x0011,1,1,0,129940,,,,66,0
1747143080.050932000,0.000188000,6,64,10.7.7.5,10.7.7.4,40562,21,,,0x0018,163,599,6,129624,,6,,72,0
1747143080.051188000,0.000256000,6,64,10.7.7.4,10.7.7.5,23255,50748,,,0x0010,1,2,0,5888,,,,66,0
1747143080.060621000,0.009433000,6,64,10.7.7.4,10.7.7.5,23255,50748,,,0x0014,1,2,0,5888,,,,66,0
1747143080.072648000,0.012027000,6,64,10.7.7.4,10.7.7.5,21,40562,,,0x0018,599,169,49,5888,,49,,115,0
1747143080.072875000,0.000227000,6,64,10.7.7.5,10.7.7.4,51326,45271,,,0x0002,0,0,0,65535,020405b4,,,74,0
1747143080.073034000,0.000159000,6,64,10.7.7.4,10.7.7.5,45271,51326,,,0x0012,0,1,0,5792,020405b4,,,74,0
1747143080.073059000,0.000025000,6,64,10.7.7.5,10.7.7.4,51326,45271,,,0x0010,1,1,0,129940,,,,66,0
1747143080.073144000,0.000085000,6,64,10.7.7.5,10.7.7.4,40562,21,,,0x0018,169,648,16,129624,,16,,82,0
1747143080.094329000,0.021185000,6,64,10.7.7.4,10.7.7.5,21,40562,,,0x0018,648,185,28,5888,,28,,94,0
1747143080.094459000,0.000130000,6,64,10.7.7.5,10.7.7.4,51326,45271,,,0x0011,1,1,0,129940,,,,66,0
1747143080.094559000,0.000100000,6,64,10.7.7.5,10.7.7.4,40562,21,,,0x0018,185,676,6,129624,,6,,72,0
1747143080.102386000,0.007827000,6,64,10.7.7.4,10.7.7.5,45271,51326,,,0x0010,1,2,0,5888,,,,66,0
1747143080.104279000,0.001893000,6,64,10.7.7.4,10.7.7.5,45271,51326,,,0x0014,1,2,0,5888,,,,66,0
1747143080.104350000,0.000071000,6,64,10.7.7.4,10.7.7.5,21,40562,,,0x0018,676,191,49,5888,,49,,115,0
1747143080.104494000,0.000144000,6,64,10.7.7.5,10.7.7.4,59938,30022,,,0x0002,0,0,0,65535,020405b4,,,74,0
1747143080.104625000,0.000131000,6,64,10.7.7.4,10.7.7.5,30022,59938,,,0x0012,0,1,0,5792,020405b4,,,74,0
1747143080.104638000,0.000013000,6,64,10.7.7.5,10.7.7.4,59938,30022,,,0x0010,1,1,0,129940,,,,66,0
1747143080.104711000,0.000073000,6,64,10.7.7.5,10.7.7.4,40562,21,,,0x0018,191,725,16,129624,,16,,82,0
1747143080.112724000,0.008013000,6,64,10.7.7.4,10.7.7.5,21,40562,,,0x0018,725,207,28,5888,,28,,94,0
1747143080.112987000,0.000263000,6,64,10.7.7.5,10.7.7.4,59938,30022,,,0x0011,1,1,0,129940,,,,66,0
1747143080.113323000,0.000336000,6,64,10.7.7.5,10.7.7.4,40562,21,,,0x0018,207,753,6,129624,,6,,72,0
1747143080.114340000,0.001017000,6,64,10.7.7.4,10.7.7.5,30022,59938,,,0x0014,1,2,0,5888,,,,66,0
1747143080.114428000,0.000088000,6,64,10.7.7.4,10.7.7.5,21,40562,,,0x0018,753,213,49,5888,,49,,115,0
1747143080.114607000,0.000179000,6,64,10.7.7.5,10.7.7.4,38654,52816,,,0x0002,0,0,0,65535,020405b4,,,74,0
1747143080.114724000,0.000117000,6,64,10.7.7.4,10.7.7.5,52816,38654,,,0x0012,0,1,0,5792,020405b4,,,74,0
1747143080.114736000,0.000012000,6,64,10.7.7.5,10.7.7.4,38654,52816,,,0x0010,1,1,0,129940,,,,66,0
1747143080.114789000,0.000053000,6,64,10.7.7.5,10.7.7.4,40562,21,,,0x0018,213,802,16,129624,,16,,82,0
1747143080.126410000,0.011621000,6,64,10.7.7.4,10.7.7.5,21,40562,,,0x0018,802,229,28,5888,,28,,94,0
1747143080.126734000,0.000324000,6,64,10.7.7.5,10.7.7.4,38654,52816,,,0x0011,1,1,0,129940,,,,66,0
1747143080.126871000,0.000137000,6,64,10.7.7.5,10.7.7.4,40562,21,,,0x0018,229,830,6,129624,,6,,72,0
1747143080.132391000,0.005520000,6,64,10.7.7.4,10.7.7.5,52816,38654,,,0x0010,1,2,0,5888,,,,66,0
1747143080.132470000,0.000079000,6,64,10.7.7.4,10.7.7.5,52816,38654,,,0x0014,1,2,0,5888,,,,66,0
1747143080.132554000,0.000084000,6,64,10.7.7.4,10.7.7.5,21,40562,,,0x0018,830,235,49,5888,,49,,115,0
1747143080.132674000,0.000120000,6,64,10.7.7.5,10.7.7.4,56676,55660,,,0x0002,0,0,0,65535,020405b4,,,74,0
1747143080.132811000,0.000137000,6,64,10.7.7.4,10.7.7.5,55660,56676,,,0x0012,0,1,0,5792,020405b4,,,74,0
1747143080.132825000,0.000014000,6,64,10.7.7.5,10.7.7.4,56676,55660,,,0x0010,1,1,0,129940,,,,66,0
1747143080.132850000,0.000025000,6,64,10.7.7.5,10.7.7.4,40562,21,,,0x0018,235,879,16,129624,,16,,82,0
1747143080.136394000,0.003544000,6,64,10.7.7.4,10.7.7.5,21,40562,,,0x0018,879,251,28,5888,,28,,94,0
1747143080.136474000,0.000080000,6,64,10.7.7.5,10.7.7.4,56676,55660,,,0x0011,1,1,0,129940,,,,66,0
1747143080.136596000,0.000122000,6,64,10.7.7.5,10.7.7.4,40562,21,,,0x0018,251,907,6,129624,,6,,72,0
1747143080.142261000,0.005665000,6,64,10.7.7.4,10.7.7.5,55660,56676,,,0x0010,1,2,0,5888,,,,66,0
1747143080.148205000,0.005944000,6,64,10.7.7.4,10.7.7.5,55660,56676,,,0x0014,1,2,0,5888,,,,66,0
1747143080.158433000,0.010228000,6,64,10.7.7.4,10.7.7.5,21,40562,,,0x0018,907,257,49,5888,,49,,115,0
1747143080.158578000,0.000145000,6,64,10.7.7.5,10.7.7.4,44070,11162,,,0x0002,0,0,0,65535,020405b4,,,74,0
1747143080.158714000,0.000136000,6,64,10.7.7.4,10.7.7.5,11162,44070,,,0x0012,0,1,0,5792,020405b4,,,74,0
1747143080.158732000,0.000018000,6,64,10.7.7.5,10.7.7.4,44070,11162,,,0x0010,1,1,0,129940,,,,66,0
1747143080.158758000,0.000026000,6,64,10.7.7.5,10.7.7.4,40562,21,,,0x0018,257,956,17,129624,,17,,83,0
1747143080.170317000,0.011559000,6,64,10.7.7.4,10.7.7.5,21,40562,,,0x0018,956,274,28,5888,,28,,94,0
1747143080.170418000,0.000101000,6,64,10.7.7.5,10.7.7.4,44070,11162,,,0x0011,1,1,0,129940,,,,66,0
1747143080.170460000,0.000042000,6,64,10.7.7.5,10.7.7.4,40562,21,,,0x0018,274,984,6,129624,,6,,72,0
1747143080.172239000,0.001779000,6,64,10.7.7.4,10.7.7.5,11162,44070,,,0x0010,1,2,0,5888,,,,66,0
1747143080.180357000,0.008118000,6,64,10.7.7.4,10.7.7.5,21,40562,,,0x0018,984,280,14,5888,,14,,80,0
1747143080.180358000,0.000001000,6,64,10.7.7.4,10.7.7.5,21,40562,,,0x0011,998,280,0,5888,,,,66,0
1747143080.180468000,0.000110000,6,64,10.7.7.4,10.7.7.5,11162,44070,,,0x0014,1,2,0,5888,,,,66,0
1747143080.180549000,0.000081000,6,64,10.7.7.5,10.7.7.4,40562,21,,,0x0011,280,999,0,129624,,,,66,0
1747143080.180727000,0.000178000,6,64,10.7.7.4,10.7.7.5,21,40562,,,0x0010,999,281,0,5888,,,,66,0
1747143087.125788000,6.945061000,,,,,,,,,,,,,,,,,60,0
1747143146.646338000,59.520550000,,,,,,,,,,,,,,,,,62,0
1747143173.902633000,27.256295000,6,64,10.7.7.5,10.7.7.4,38218,21,,,0x0002,0,0,0,65535,020405b4,,,74,0
1747143173.902906000,0.000273000,6,64,10.7.7.4,10.7.7.5,21,38218,,,0x0012,0,1,0,5792,020405b4,,,74,0
1747143173.902930000,0.000024000,6,64,10.7.7.5,10.7.7.4,38218,21,,,0x0010,1,1,0,129940,,,,66,0
1747143173.904740000,0.001810000,6,64,10.7.7.4,10.7.7.5,21,38218,,,0x0018,1,1,20,5888,,20,,86,0
1747143173.904778000,0.000038000,6,64,10.7.7.5,10.7.7.4,38218,21,,,0x0010,1,21,0,129920,,,,66,0
1747143173.904954000,0.000176000,6,64,10.7.7.5,10.7.7.4,38218,21,,,0x0018,1,21,16,129920,,16,,82,0
1747143173.905173000,0.000219000,6,64,10.7.7.4,10.7.7.5,21,38218,,,0x0010,21,17,0,5888,,,,66,0
1747143173.909667000,0.004494000,6,64,10.7.7.4,10.7.7.5,21,38218,,,0x0018,21,17,34,5888,,34,,100,0
1747143173.909822000,0.000155000,6,64,10.7.7.5,10.7.7.4,38218,21,,,0x0018,17,55,16,129888,,16,,82,0
1747143173.951564000,0.041742000,6,64,10.7.7.4,10.7.7.5,21,38218,,,0x0010,55,33,0,5888,,,,66,0
1747143173.971883000,0.020319000,6,64,10.7.7.4,10.7.7.5,21,38218,,,0x0018,55,33,23,5888,,23,,89,0
1747143173.972011000,0.000128000,6,64,10.7.7.5,10.7.7.4,38218,21,,,0x0018,33,78,6,129868,,6,,72,0
1747143173.972171000,0.000160000,6,64,10.7.7.4,10.7.7.5,21,38218,,,0x0010,78,39,0,5888,,,,66,0
1747143173.987648000,0.015477000,6,64,10.7.7.4,10.7.7.5,21,38218,,,0x0018,78,39,19,5888,,19,,85,0
1747143173.987827000,0.000179000,6,64,10.7.7.5,10.7.7.4,38218,21,,,0x0018,39,97,6,129852,,6,,72,0
1747143173.997713000,0.009886000,6,64,10.7.7.4,10.7.7.5,21,38218,,,0x0018,97,45,15,5888,,15,,81,0
1747143173.997715000,0.000002000,6,64,10.7.7.4,10.7.7.5,21,38218,,,0x0018,112,45,7,5888,,22,,73,0
1747143173.997715000,0.000000000,6,64,10.7.7.4,10.7.7.5,21,38218,,,0x0018,119,45,7,5888,,29,,73,0
1747143173.997786000,0.000071000,6,64,10.7.7.5,10.7.7.4,38218,21,,,0x0010,45,126,0,129824,,,,66,0
1747143173.997979000,0.000193000,6,64,10.7.7.4,10.7.7.5,21,38218,,,0x0018,126,45,58,5888,,58,,124,0
1747143173.998160000,0.000181000,6,64,10.7.7.5,10.7.7.4,38218,21,,,0x0018,45,184,8,129768,,8,,74,0
1747143174.007399000,0.009239000,6,64,10.7.7.4,10.7.7.5,21,38218,,,0x0018,184,53,31,5888,,31,,97,0
1747143174.007567000,0.000168000,6,64,10.7.7.5,10.7.7.4,38218,21,,,0x0018,53,215,15,129740,,15,,81,0
1747143174.011360000,0.003793000,6,64,10.7.7.4,10.7.7.5,21,38218,,,0x0018,215,68,33,5888,,33,,99,0
1747143174.012674000,0.001314000,6,64,10.7.7.5,10.7.7.4,38218,21,,,0x0018,68,248,6,129708,,6,,72,0
1747143174.019159000,0.006485000,6,64,10.7.7.4,10.7.7.5,21,38218,,,0x0018,248,74,49,5888,,49,,115,0
1747143174.019295000,0.000136000,6,64,10.7.7.5,10.7.7.4,39048,45012,,,0x0002,0,0,0,65535,020405b4,,,74,0
1747143174.019466000,0.000171000,6,64,10.7.7.4,10.7.7.5,45012,39048,,,0x0012,0,1,0,5792,020405b4,,,74,0
1747143174.019503000,0.000037000,6,64,10.7.7.5,10.7.7.4,39048,45012,,,0x0010,1,1,0,129940,,,,66,0
1747143174.019566000,0.000063000,6,64,10.7.7.5,10.7.7.4,38218,21,,,0x0018,74,297,25,129660,,25,,91,0
1747143174.029279000,0.009713000,6,64,10.7.7.4,10.7.7.5,21,38218,,,0x0018,297,99,28,5888,,28,,94,0
1747143174.029460000,0.000181000,6,64,10.7.7.5,10.7.7.4,39048,45012,,,0x0011,1,1,0,129940,,,,66,0
1747143174.029698000,0.000238000,6,64,10.7.7.5,10.7.7.4,38218,21,,,0x0018,99,325,6,129632,,6,,72,0
1747143174.031045000,0.001347000,6,64,10.7.7.4,10.7.7.5,45012,39048,,,0x0010,1,2,0,5888,,,,66,0
1747143174.041367000,0.010322000,6,64,10.7.7.4,10.7.7.5,45012,39048,,,0x0014,1,2,0,5888,,,,66,0
1747143174.041369000,0.000002000,6,64,10.7.7.4,10.7.7.5,21,38218,,,0x0018,325,105,49,5888,,49,,115,0
1747143174.041652000,0.000283000,6,64,10.7.7.5,10.7.7.4,53534,36592,,,0x0002,0,0,0,65535,020405b4,,,74,0
1747143174.041839000,0.000187000,6,64,10.7.7.4,10.7.7.5,36592,53534,,,0x0012,0,1,0,5792,020405b4,,,74,0
1747143174.041902000,0.000063000,6,64,10.7.7.5,10.7.7.4,53534,36592,,,0x0010,1,1,0,129940,,,,66,0
1747143174.041952000,0.000050000,6,64,10.7.7.5,10.7.7.4,38218,21,,,0x0018,105,374,26,129624,,26,,92,0
1747143174.053316000,0.011364000,6,64,10.7.7.4,10.7.7.5,21,38218,,,0x0018,374,131,28,5888,,28,,94,0
1747143174.053499000,0.000183000,6,64,10.7.7.5,10.7.7.4,53534,36592,,,0x0011,1,1,0,129940,,,,66,0
1747143174.053599000,0.000100000,6,64,10.7.7.5,10.7.7.4,38218,21,,,0x0018,131,402,6,129624,,6,,72,0
1747143174.061261000,0.007662000,6,64,10.7.7.4,10.7.7.5,36592,53534,,,0x0010,1,2,0,5888,,,,66,0
1747143174.061322000,0.000061000,6,64,10.7.7.4,10.7.7.5,36592,53534,,,0x0014,1,2,0,5888,,,,66,0
1747143174.061521000,0.000199000,6,64,10.7.7.4,10.7.7.5,21,38218,,,0x0018,402,137,49,5888,,49,,115,0
1747143174.061658000,0.000137000,6,64,10.7.7.5,10.7.7.4,42536,56854,,,0x0002,0,0,0,65535,020405b4,,,74,0
1747143174.061819000,0.000161000,6,64,10.7.7.4,10.7.7.5,56854,42536,,,0x0012,0,1,0,5792,020405b4,,,74,0
1747143174.061842000,0.000023000,6,64,10.7.7.5,10.7.7.4,42536,56854,,,0x0010,1,1,0,129940,,,,66,0
1747143174.061874000,0.000032000,6,64,10.7.7.5,10.7.7.4,38218,21,,,0x0018,137,451,25,129624,,25,,91,0
1747143174.085507000,0.023633000,6,64,10.7.7.4,10.7.7.5,21,38218,,,0x0018,451,162,28,5888,,28,,94,0
1747143174.085741000,0.000234000,6,64,10.7.7.5,10.7.7.4,42536,56854,,,0x0011,1,1,0,129940,,,,66,0
1747143174.085966000,0.000225000,6,64,10.7.7.5,10.7.7.4,38218,21,,,0x0018,162,479,6,129624,,6,,72,0
1747143174.091293000,0.005327000,6,64,10.7.7.4,10.7.7.5,56854,42536,,,0x0010,1,2,0,5888,,,,66,0
1747143174.105392000,0.014099000,6,64,10.7.7.4,10.7.7.5,56854,42536,,,0x0014,1,2,0,5888,,,,66,0
1747143174.105444000,0.000052000,6,64,10.7.7.4,10.7.7.5,21,38218,,,0x0018,479,168,49,5888,,49,,115,0
1747143174.105563000,0.000119000,6,64,10.7.7.5,10.7.7.4,59256,59785,,,0x0002,0,0,0,65535,020405b4,,,74,0
1747143174.105695000,0.000132000,6,64,10.7.7.4,10.7.7.5,59785,59256,,,0x0012,0,1,0,5792,020405b4,,,74,0
1747143174.105708000,0.000013000,6,64,10.7.7.5,10.7.7.4,59256,59785,,,0x0010,1,1,0,129940,,,,66,0
1747143174.105739000,0.000031000,6,64,10.7.7.5,10.7.7.4,38218,21,,,0x0018,168,528,18,129624,,18,,84,0
1747143174.117438000,0.011699000,6,64,10.7.7.4,10.7.7.5,21,38218,,,0x0018,528,186,28,5888,,28,,94,0
1747143174.117530000,0.000092000,6,64,10.7.7.5,10.7.7.4,59256,59785,,,0x0011,1,1,0,129940,,,,66,0
1747143174.117673000,0.000143000,6,64,10.7.7.5,10.7.7.4,38218,21,,,0x0018,186,556,6,129624,,6,,72,0
1747143174.121393000,0.003720000,6,64,10.7.7.4,10.7.7.5,59785,59256,,,0x0010,1,2,0,5888,,,,66,0
1747143174.138995000,0.017602000,6,64,10.7.7.4,10.7.7.5,59785,59256,,,0x0014,1,2,0,5888,,,,66,0
1747143174.139052000,0.000057000,6,64,10.7.7.4,10.7.7.5,21,38218,,,0x0018,556,192,49,5888,,49,,115,0
1747143174.139191000,0.000139000,6,64,10.7.7.5,10.7.7.4,50072,52440,,,0x0002,0,0,0,65535,020405b4,,,74,0
1747143174.139332000,0.000141000,6,64,10.7.7.4,10.7.7.5,52440,50072,,,0x0012,0,1,0,5792,020405b4,,,74,0
1747143174.139351000,0.000019000,6,64,10.7.7.5,10.7.7.4,50072,52440,,,0x0010,1,1,0,129940,,,,66,0
1747143174.139450000,0.000099000,6,64,10.7.7.5,10.7.7.4,38218,21,,,0x0018,192,605,21,129624,,21,,87,0
1747143174.151267000,0.011817000,6,64,10.7.7.4,10.7.7.5,21,38218,,,0x0018,605,213,28,5888,,28,,94,0
1747143174.151440000,0.000173000,6,64,10.7.7.5,10.7.7.4,50072,52440,,,0x0011,1,1,0,129940,,,,66,0
1747143174.151650000,0.000210000,6,64,10.7.7.5,10.7.7.4,38218,21,,,0x0018,213,633,6,129624,,6,,72,0
1747143174.158766000,0.007116000,6,64,10.7.7.4,10.7.7.5,52440,50072,,,0x0014,1,2,0,5888,,,,66,0
1747143174.158824000,0.000058000,6,64,10.7.7.4,10.7.7.5,21,38218,,,0x0018,633,219,49,5888,,49,,115,0
1747143174.158937000,0.000113000,6,64,10.7.7.5,10.7.7.4,55250,60657,,,0x0002,0,0,0,65535,020405b4,,,74,0
1747143174.159059000,0.000122000,6,64,10.7.7.4,10.7.7.5,60657,55250,,,0x0012,0,1,0,5792,020405b4,,,74,0
1747143174.159074000,0.000015000,6,64,10.7.7.5,10.7.7.4,55250,60657,,,0x0010,1,1,0,129940,,,,66,0
1747143174.159130000,0.000056000,6,64,10.7.7.5,10.7.7.4,38218,21,,,0x0018,219,682,31,129624,,31,,97,0
1747143174.191097000,0.031967000,6,64,10.7.7.4,10.7.7.5,21,38218,,,0x0010,682,250,0,5888,,,,66,0
1747143174.203181000,0.012084000,6,64,10.7.7.4,10.7.7.5,21,38218,,,0x0018,682,250,28,5888,,28,,94,0
1747143174.203321000,0.000140000,6,64,10.7.7.5,10.7.7.4,55250,60657,,,0x0011,1,1,0,129940,,,,66,0
1747143174.203457000,0.000136000,6,64,10.7.7.5,10.7.7.4,38218,21,,,0x0018,250,710,6,129624,,6,,72,0
1747143174.211198000,0.007741000,6,64,10.7.7.4,10.7.7.5,60657,55250,,,0x0010,1,2,0,5888,,,,66,0
1747143174.213041000,0.001843000,6,64,10.7.7.4,10.7.7.5,21,38218,,,0x0010,710,256,0,5888,,,,66,0
1747143174.213222000,0.000181000,6,64,10.7.7.4,10.7.7.5,60657,55250,,,0x0014,1,2,0,5888,,,,66,0
1747143174.213222000,0.000000000,6,64,10.7.7.4,10.7.7.5,21,38218,,,0x0018,710,256,49,5888,,49,,115,0
1747143174.213360000,0.000138000,6,64,10.7.7.5,10.7.7.4,47134,35581,,,0x0002,0,0,0,65535,020405b4,,,74,0
1747143174.213493000,0.000133000,6,64,10.7.7.4,10.7.7.5,35581,47134,,,0x0012,0,1,0,5792,020405b4,,,74,0
1747143174.213508000,0.000015000,6,64,10.7.7.5,10.7.7.4,47134,35581,,,0x0010,1,1,0,129940,,,,66,0
1747143174.213569000,0.000061000,6,64,10.7.7.5,10.7.7.4,38218,21,,,0x0018,256,759,17,129624,,17,,83,0
1747143174.225234000,0.011665000,6,64,10.7.7.4,10.7.7.5,21,38218,,,0x0018,759,273,28,5888,,28,,94,0
1747143174.225387000,0.000153000,6,64,10.7.7.5,10.7.7.4,47134,35581,,,0x0011,1,1,0,129940,,,,66,0
1747143174.225599000,0.000212000,6,64,10.7.7.5,10.7.7.4,38218,21,,,0x0018,273,787,6,129624,,6,,72,0
1747143174.231212000,0.005613000,6,64,10.7.7.4,10.7.7.5,35581,47134,,,0x0010,1,2,0,5888,,,,66,0
1747143174.235192000,0.003980000,6,64,10.7.7.4,10.7.7.5,35581,47134,,,0x0014,1,2,0,5888,,,,66,0
1747143174.245263000,0.010071000,6,64,10.7.7.4,10.7.7.5,21,38218,,,0x0018,787,279,49,5888,,49,,115,0
1747143174.245456000,0.000193000,6,64,10.7.7.5,10.7.7.4,35358,63675,,,0x0002,0,0,0,65535,020405b4,,,74,0
1747143174.245674000,0.000218000,6,64,10.7.7.4,10.7.7.5,63675,35358,,,0x0012,0,1,0,5792,020405b4,,,74,0
1747143174.245700000,0.000026000,6,64,10.7.7.5,10.7.7.4,35358,63675,,,0x0010,1,1,0,129940,,,,66,0
1747143174.245812000,0.000112000,6,64,10.7.7.5,10.7.7.4,38218,21,,,0x0018,279,836,26,129624,,26,,92,0
1747143174.267294000,0.021482000,6,64,10.7.7.4,10.7.7.5,21,38218,,,0x0018,836,305,28,5888,,28,,94,0
1747143174.267395000,0.000101000,6,64,10.7.7.5,10.7.7.4,35358,63675,,,0x0011,1,1,0,129940,,,,66,0
1747143174.267530000,0.000135000,6,64,10.7.7.5,10.7.7.4,38218,21,,,0x0018,305,864,6,129624,,6,,72,0
1747143174.271320000,0.003790000,6,64,10.7.7.4,10.7.7.5,63675,35358,,,0x0010,1,2,0,5888,,,,66,0
1747143174.277330000,0.006010000,6,64,10.7.7.4,10.7.7.5,63675,35358,,,0x0014,1,2,0,5888,,,,66,0
1747143174.277331000,0.000001000,6,64,10.7.7.4,10.7.7.5,21,38218,,,0x0018,864,311,49,5888,,49,,115,0
1747143174.277927000,0.000596000,6,64,10.7.7.5,10.7.7.4,52820,55838,,,0x0002,0,0,0,65535,020405b4,,,74,0
1747143174.278080000,0.000153000,6,64,10.7.7.4,10.7.7.5,55838,52820,,,0x0012,0,1,0,5792,020405b4,,,74,0
1747143174.278102000,0.000022000,6,64,10.7.7.5,10.7.7.4,52820,55838,,,0x0010,1,1,0,129940,,,,66,0
1747143174.278129000,0.000027000,6,64,10.7.7.5,10.7.7.4,38218,21,,,0x0018,311,913,25,129624,,25,,91,0
1747143174.289940000,0.011811000,6,64,10.7.7.4,10.7.7.5,21,38218,,,0x0018,913,336,28,5888,,28,,94,0
1747143174.290031000,0.000091000,6,64,10.7.7.5,10.7.7.4,52820,55838,,,0x0011,1,1,0,129940,,,,66,0
1747143174.290134000,0.000103000,6,64,10.7.7.5,10.7.7.4,38218,21,,,0x0018,336,941,6,129624,,6,,72,0
1747143174.301914000,0.011780000,6,64,10.7.7.4,10.7.7.5,55838,52820,,,0x0010,1,2,0,5888,,,,66,0
1747143174.312073000,0.010159000,6,64,10.7.7.4,10.7.7.5,55838,52820,,,0x0014,1,2,0,5888,,,,66,0
1747143174.322002000,0.009929000,6,64,10.7.7.4,10.7.7.5,21,38218,,,0x0018,941,342,49,5888,,49,,115,0
1747143174.322269000,0.000267000,6,64,10.7.7.5,10.7.7.4,39410,32021,,,0x0002,0,0,0,65535,020405b4,,,74,0
1747143174.322474000,0.000205000,6,64,10.7.7.4,10.7.7.5,32021,39410,,,0x0012,0,1,0,5792,020405b4,,,74,0
1747143174.322507000,0.000033000,6,64,10.7.7.5,10.7.7.4,39410,32021,,,0x0010,1,1,0,129940,,,,66,0
1747143174.322551000,0.000044000,6,64,10.7.7.5,10.7.7.4,38218,21,,,0x0018,342,990,18,129624,,18,,84,0
1747143174.334055000,0.011504000,6,64,10.7.7.4,10.7.7.5,21,38218,,,0x0018,990,360,28,5888,,28,,94,0
1747143174.334192000,0.000137000,6,64,10.7.7.5,10.7.7.4,39410,32021,,,0x0011,1,1,0,129940,,,,66,0
1747143174.334440000,0.000248000,6,64,10.7.7.5,10.7.7.4,38218,21,,,0x0018,360,1018,6,129624,,6,,72,0
1747143174.340065000,0.005625000,6,64,10.7.7.4,10.7.7.5,32021,39410,,,0x0010,1,2,0,5888,,,,66,0
1747143174.344042000,0.003977000,6,64,10.7.7.4,10.7.7.5,32021,39410,,,0x0014,1,2,0,5888,,,,66,0
1747143174.344129000,0.000087000,6,64,10.7.7.4,10.7.7.5,21,38218,,,0x0018,1018,366,49,5888,,49,,115,0
1747143174.344386000,0.000257000,6,64,10.7.7.5,10.7.7.4,48396,10860,,,0x0002,0,0,0,65535,020405b4,,,74,0
1747143174.344627000,0.000241000,6,64,10.7.7.4,10.7.7.5,10860,48396,,,0x0012,0,1,0,5792,020405b4,,,74,0
1747143174.344657000,0.000030000,6,64,10.7.7.5,10.7.7.4,48396,10860,,,0x0010,1,1,0,129940,,,,66,0
1747143174.344734000,0.000077000,6,64,10.7.7.5,10.7.7.4,38218,21,,,0x0018,366,1067,21,129624,,21,,87,0
1747143174.352057000,0.007323000,6,64,10.7.7.4,10.7.7.5,21,38218,,,0x0018,1067,387,28,5888,,28,,94,0
1747143174.352197000,0.000140000,6,64,10.7.7.5,10.7.7.4,48396,10860,,,0x0011,1,1,0,129940,,,,66,0
1747143174.352243000,0.000046000,6,64,10.7.7.5,10.7.7.4,38218,21,,,0x0018,387,1095,6,129624,,6,,72,0
1747143174.356091000,0.003848000,6,64,10.7.7.4,10.7.7.5,21,38218,,,0x0018,1095,393,14,5888,,14,,80,0
1747143174.356092000,0.000001000,6,64,10.7.7.4,10.7.7.5,21,38218,,,0x0011,1109,393,0,5888,,,,66,0
1747143174.356171000,0.000079000,6,64,10.7.7.4,10.7.7.5,10860,48396,,,0x0014,1,2,0,5888,,,,66,0
1747143174.356215000,0.000044000,6,64,10.7.7.5,10.7.7.4,38218,21,,,0x0011,393,1110,0,129624,,,,66,0
1747143174.356373000,0.000158000,6,64,10.7.7.4,10.7.7.5,21,38218,,,0x0010,1110,394,0,5888,,,,66,0
1747143237.433502000,63.077129000,6,64,10.7.7.5,10.7.7.4,34946,21,,,0x0002,0,0,0,65535,020405b4,,,74,0
1747143237.433868000,0.000366000,6,64,10.7.7.4,10.7.7.5,21,34946,,,0x0012,0,1,0,5792,020405b4,,,74,0
1747143237.433909000,0.000041000,6,64,10.7.7.5,10.7.7.4,34946,21,,,0x0010,1,1,0,129940,,,,66,0
1747143237.435560000,0.001651000,6,64,10.7.7.4,10.7.7.5,21,34946,,,0x0018,1,1,20,5888,,20,,86,0
1747143237.435589000,0.000029000,6,64,10.7.7.5,10.7.7.4,34946,21,,,0x0010,1,21,0,129920,,,,66,0
1747143237.435722000,0.000133000,6,64,10.7.7.5,10.7.7.4,34946,21,,,0x0018,1,21,16,129920,,16,,82,0
1747143237.435940000,0.000218000,6,64,10.7.7.4,10.7.7.5,21,34946,,,0x0010,21,17,0,5888,,,,66,0
1747143237.444631000,0.008691000,6,64,10.7.7.4,10.7.7.5,21,34946,,,0x0018,21,17,34,5888,,34,,100,0
1747143237.444784000,0.000153000,6,64,10.7.7.5,10.7.7.4,34946,21,,,0x0018,17,55,16,129888,,16,,82,0
1747143237.455159000,0.010375000,6,64,10.7.7.4,10.7.7.5,21,34946,,,0x0018,55,33,23,5888,,23,,89,0
1747143237.455323000,0.000164000,6,64,10.7.7.5,10.7.7.4,34946,21,,,0x0018,33,78,6,129868,,6,,72,0
1747143237.466721000,0.011398000,6,64,10.7.7.4,10.7.7.5,21,34946,,,0x0018,78,39,19,5888,,19,,85,0
1747143237.466878000,0.000157000,6,64,10.7.7.5,10.7.7.4,34946,21,,,0x0018,39,97,6,129852,,6,,72,0
1747143237.476917000,0.010039000,6,64,10.7.7.4,10.7.7.5,21,34946,,,0x0018,97,45,15,5888,,15,,81,0
1747143237.476920000,0.000003000,6,64,10.7.7.4,10.7.7.5,21,34946,,,0x0018,112,45,7,5888,,22,,73,0
1747143237.476921000,0.000001000,6,64,10.7.7.4,10.7.7.5,21,34946,,,0x0018,119,45,7,5888,,29,,73,0
1747143237.477060000,0.000139000,6,64,10.7.7.5,10.7.7.4,34946,21,,,0x0010,45,126,0,129824,,,,66,0
1747143237.477367000,0.000307000,6,64,10.7.7.4,10.7.7.5,21,34946,,,0x0018,126,45,58,5888,,58,,124,0
1747143237.477717000,0.000350000,6,64,10.7.7.5,10.7.7.4,34946,21,,,0x0018,45,184,8,129768,,8,,74,0
1747143237.488761000,0.011044000,6,64,10.7.7.4,10.7.7.5,21,34946,,,0x0018,184,53,31,5888,,31,,97,0
1747143237.488863000,0.000102000,6,64,10.7.7.5,10.7.7.4,34946,21,,,0x0018,53,215,28,129740,,28,,94,0
1747143237.497027000,0.008164000,6,64,10.7.7.4,10.7.7.5,21,34946,,,0x0018,215,81,33,5888,,33,,99,0
1747143237.497653000,0.000626000,6,64,10.7.7.5,10.7.7.4,34946,21,,,0x0018,81,248,6,129708,,6,,72,0
1747143237.498071000,0.000418000,6,64,10.7.7.4,10.7.7.5,21,34946,,,0x0018,248,87,49,5888,,49,,115,0
1747143237.498247000,0.000176000,6,64,10.7.7.5,10.7.7.4,34846,16977,,,0x0002,0,0,0,65535,020405b4,,,74,0
1747143237.498397000,0.000150000,6,64,10.7.7.4,10.7.7.5,16977,34846,,,0x0012,0,1,0,5792,020405b4,,,74,0
1747143237.498421000,0.000024000,6,64,10.7.7.5,10.7.7.4,34846,16977,,,0x0010,1,1,0,129940,,,,66,0
1747143237.498531000,0.000110000,6,64,10.7.7.5,10.7.7.4,34946,21,,,0x0018,87,297,25,129660,,25,,91,0
1747143237.520881000,0.022350000,6,64,10.7.7.4,10.7.7.5,21,34946,,,0x0018,297,112,28,5888,,28,,94,0
1747143237.521045000,0.000164000,6,64,10.7.7.5,10.7.7.4,34846,16977,,,0x0011,1,1,0,129940,,,,66,0
1747143237.521299000,0.000254000,6,64,10.7.7.5,10.7.7.4,34946,21,,,0x0018,112,325,6,129632,,6,,72,0
1747143237.526790000,0.005491000,6,64,10.7.7.4,10.7.7.5,16977,34846,,,0x0010,1,2,0,5888,,,,66,0
1747143237.530818000,0.004028000,6,64,10.7.7.4,10.7.7.5,16977,34846,,,0x0014,1,2,0,5888,,,,66,0
1747143237.541040000,0.010222000,6,64,10.7.7.4,10.7.7.5,21,34946,,,0x0018,325,118,49,5888,,49,,115,0
1747143237.541391000,0.000351000,6,64,10.7.7.5,10.7.7.4,43452,22788,,,0x0002,0,0,0,65535,020405b4,,,74,0
1747143237.541598000,0.000207000,6,64,10.7.7.4,10.7.7.5,22788,43452,,,0x0012,0,1,0,5792,020405b4,,,74,0
1747143237.541624000,0.000026000,6,64,10.7.7.5,10.7.7.4,43452,22788,,,0x0010,1,1,0,129940,,,,66,0
1747143237.541790000,0.000166000,6,64,10.7.7.5,10.7.7.4,34946,21,,,0x0018,118,374,26,129624,,26,,92,0
1747143237.552924000,0.011134000,6,64,10.7.7.4,10.7.7.5,21,34946,,,0x0018,374,144,28,5888,,28,,94,0
1747143237.553057000,0.000133000,6,64,10.7.7.5,10.7.7.4,43452,22788,,,0x0011,1,1,0,129940,,,,66,0
1747143237.553165000,0.000108000,6,64,10.7.7.5,10.7.7.4,34946,21,,,0x0018,144,402,6,129624,,6,,72,0
1747143237.556933000,0.003768000,6,64,10.7.7.4,10.7.7.5,22788,43452,,,0x0010,1,2,0,5888,,,,66,0
1747143237.562916000,0.005983000,6,64,10.7.7.4,10.7.7.5,22788,43452,,,0x0014,1,2,0,5888,,,,66,0
1747143237.572991000,0.010075000,6,64,10.7.7.4,10.7.7.5,21,34946,,,0x0018,402,150,49,5888,,49,,115,0
1747143237.573217000,0.000226000,6,64,10.7.7.5,10.7.7.4,42710,22397,,,0x0002,0,0,0,65535,020405b4,,,74,0
1747143237.573418000,0.000201000,6,64,10.7.7.4,10.7.7.5,22397,42710,,,0x0012,0,1,0,5792,020405b4,,,74,0
1747143237.573454000,0.000036000,6,64,10.7.7.5,10.7.7.4,42710,22397,,,0x0010,1,1,0,129940,,,,66,0
1747143237.573643000,0.000189000,6,64,10.7.7.5,10.7.7.4,34946,21,,,0x0018,150,451,25,129624,,25,,91,0
1747143237.583050000,0.009407000,6,64,10.7.7.4,10.7.7.5,21,34946,,,0x0018,451,175,28,5888,,28,,94,0
1747143237.583208000,0.000158000,6,64,10.7.7.5,10.7.7.4,42710,22397,,,0x0011,1,1,0,129940,,,,66,0
1747143237.583408000,0.000200000,6,64,10.7.7.5,10.7.7.4,34946,21,,,0x0018,175,479,6,129624,,6,,72,0
1747143237.587109000,0.003701000,6,64,10.7.7.4,10.7.7.5,22397,42710,,,0x0010,1,2,0,5888,,,,66,0
1747143237.595003000,0.007894000,6,64,10.7.7.4,10.7.7.5,22397,42710,,,0x0014,1,2,0,5888,,,,66,0
1747143237.595055000,0.000052000,6,64,10.7.7.4,10.7.7.5,21,34946,,,0x0018,479,181,49,5888,,49,,115,0
1747143237.595222000,0.000167000,6,64,10.7.7.5,10.7.7.4,52674,20470,,,0x0002,0,0,0,65535,020405b4,,,74,0
1747143237.595382000,0.000160000,6,64,10.7.7.4,10.7.7.5,20470,52674,,,0x0012,0,1,0,5792,020405b4,,,74,0
1747143237.595395000,0.000013000,6,64,10.7.7.5,10.7.7.4,52674,20470,,,0x0010,1,1,0,129940,,,,66,0
1747143237.595424000,0.000029000,6,64,10.7.7.5,10.7.7.4,34946,21,,,0x0018,181,528,18,129624,,18,,84,0
1747143237.605145000,0.009721000,6,64,10.7.7.4,10.7.7.5,21,34946,,,0x0018,528,199,28,5888,,28,,94,0
1747143237.605318000,0.000173000,6,64,10.7.7.5,10.7.7.4,52674,20470,,,0x0011,1,1,0,129940,,,,66,0
1747143237.605517000,0.000199000,6,64,10.7.7.5,10.7.7.4,34946,21,,,0x0018,199,556,6,129624,,6,,72,0
1747143237.606993000,0.001476000,6,64,10.7.7.4,10.7.7.5,20470,52674,,,0x0010,1,2,0,5888,,,,66,0
1747143237.607053000,0.000060000,6,64,10.7.7.4,10.7.7.5,20470,52674,,,0x0014,1,2,0,5888,,,,66,0
1747143237.607114000,0.000061000,6,64,10.7.7.4,10.7.7.5,21,34946,,,0x0018,556,205,49,5888,,49,,115,0
1747143237.607218000,0.000104000,6,64,10.7.7.5,10.7.7.4,58884,61899,,,0x0002,0,0,0,65535,020405b4,,,74,0
1747143237.607330000,0.000112000,6,64,10.7.7.4,10.7.7.5,61899,58884,,,0x0012,0,1,0,5792,020405b4,,,74,0
1747143237.607341000,0.000011000,6,64,10.7.7.5,10.7.7.4,58884,61899,,,0x0010,1,1,0,129940,,,,66,0
1747143237.607396000,0.000055000,6,64,10.7.7.5,10.7.7.4,34946,21,,,0x0018,205,605,21,129624,,21,,87,0
1747143237.615106000,0.007710000,6,64,10.7.7.4,10.7.7.5,21,34946,,,0x0018,605,226,28,5888,,28,,94,0
1747143237.615278000,0.000172000,6,64,10.7.7.5,10.7.7.4,58884,61899,,,0x0011,1,1,0,129940,,,,66,0
1747143237.615458000,0.000180000,6,64,10.7.7.5,10.7.7.4,34946,21,,,0x0018,226,633,6,129624,,6,,72,0
1747143237.617046000,0.001588000,6,64,10.7.7.4,10.7.7.5,61899,58884,,,0x0010,1,2,0,5888,,,,66,0
1747143237.625114000,0.008068000,6,64,10.7.7.4,10.7.7.5,61899,58884,,,0x0014,1,2,0,5888,,,,66,0
1747143237.625217000,0.000103000,6,64,10.7.7.4,10.7.7.5,21,34946,,,0x0018,633,232,49,5888,,49,,115,0
1747143237.625422000,0.000205000,6,64,10.7.7.5,10.7.7.4,43008,51369,,,0x0002,0,0,0,65535,020405b4,,,74,0
1747143237.625572000,0.000150000,6,64,10.7.7.4,10.7.7.5,51369,43008,,,0x0012,0,1,0,5792,020405b4,,,74,0
1747143237.625599000,0.000027000,6,64,10.7.7.5,10.7.7.4,43008,51369,,,0x0010,1,1,0,129940,,,,66,0
1747143237.625651000,0.000052000,6,64,10.7.7.5,10.7.7.4,34946,21,,,0x0018,232,682,31,129624,,31,,97,0
1747143237.657295000,0.031644000,6,64,10.7.7.4,10.7.7.5,21,34946,,,0x0010,682,263,0,5888,,,,66,0
1747143237.657437000,0.000142000,6,64,10.7.7.4,10.7.7.5,21,34946,,,0x0018,682,263,28,5888,,28,,94,0
1747143237.657610000,0.000173000,6,64,10.7.7.5,10.7.7.4,43008,51369,,,0x0011,1,1,0,129940,,,,66,0
1747143237.657772000,0.000162000,6,64,10.7.7.5,10.7.7.4,34946,21,,,0x0018,263,710,6,129624,,6,,72,0
1747143237.667330000,0.009558000,6,64,10.7.7.4,10.7.7.5,51369,43008,,,0x0010,1,2,0,5888,,,,66,0
1747143237.669484000,0.002154000,6,64,10.7.7.4,10.7.7.5,21,34946,,,0x0010,710,269,0,5888,,,,66,0
1747143237.669485000,0.000001000,6,64,10.7.7.4,10.7.7.5,51369,43008,,,0x0014,1,2,0,5888,,,,66,0
1747143237.690988000,0.021503000,6,64,10.7.7.4,10.7.7.5,21,34946,,,0x0018,710,269,48,5888,,48,,114,0
1747143237.691147000,0.000159000,6,64,10.7.7.5,10.7.7.4,57276,7966,,,0x0002,0,0,0,65535,020405b4,,,74,0
1747143237.691377000,0.000230000,6,64,10.7.7.4,10.7.7.5,7966,57276,,,0x0012,0,1,0,5792,020405b4,,,74,0
1747143237.691419000,0.000042000,6,64,10.7.7.5,10.7.7.4,57276,7966,,,0x0010,1,1,0,129940,,,,66,0
1747143237.691531000,0.000112000,6,64,10.7.7.5,10.7.7.4,34946,21,,,0x0018,269,758,17,129624,,17,,83,0
1747143237.700537000,0.009006000,6,64,10.7.7.4,10.7.7.5,21,34946,,,0x0018,758,286,28,5888,,28,,94,0
1747143237.700688000,0.000151000,6,64,10.7.7.5,10.7.7.4,57276,7966,,,0x0011,1,1,0,129940,,,,66,0
1747143237.700814000,0.000126000,6,64,10.7.7.5,10.7.7.4,34946,21,,,0x0018,286,786,6,129624,,6,,72,0
1747143237.707024000,0.006210000,6,64,10.7.7.4,10.7.7.5,7966,57276,,,0x0010,1,2,0,5888,,,,66,0
1747143237.713049000,0.006025000,6,64,10.7.7.4,10.7.7.5,7966,57276,,,0x0014,1,2,0,5888,,,,66,0
1747143237.723087000,0.010038000,6,64,10.7.7.4,10.7.7.5,21,34946,,,0x0018,786,292,49,5888,,49,,115,0
1747143237.723327000,0.000240000,6,64,10.7.7.5,10.7.7.4,49560,38549,,,0x0002,0,0,0,65535,020405b4,,,74,0
1747143237.723540000,0.000213000,6,64,10.7.7.4,10.7.7.5,38549,49560,,,0x0012,0,1,0,5792,020405b4,,,74,0
1747143237.723572000,0.000032000,6,64,10.7.7.5,10.7.7.4,49560,38549,,,0x0010,1,1,0,129940,,,,66,0
1747143237.723615000,0.000043000,6,64,10.7.7.5,10.7.7.4,34946,21,,,0x0018,292,835,26,129624,,26,,92,0
1747143237.733176000,0.009561000,6,64,10.7.7.4,10.7.7.5,21,34946,,,0x0018,835,318,28,5888,,28,,94,0
1747143237.733336000,0.000160000,6,64,10.7.7.5,10.7.7.4,49560,38549,,,0x0011,1,1,0,129940,,,,66,0
1747143237.733764000,0.000428000,6,64,10.7.7.5,10.7.7.4,34946,21,,,0x0018,318,863,6,129624,,6,,72,0
1747143237.737010000,0.003246000,6,64,10.7.7.4,10.7.7.5,38549,49560,,,0x0010,1,2,0,5888,,,,66,0
1747143237.743175000,0.006165000,6,64,10.7.7.4,10.7.7.5,38549,49560,,,0x0014,1,2,0,5888,,,,66,0
1747143237.743177000,0.000002000,6,64,10.7.7.4,10.7.7.5,21,34946,,,0x0018,863,324,49,5888,,49,,115,0
1747143237.743454000,0.000277000,6,64,10.7.7.5,10.7.7.4,59740,24454,,,0x0002,0,0,0,65535,020405b4,,,74,0
1747143237.743644000,0.000190000,6,64,10.7.7.4,10.7.7.5,24454,59740,,,0x0012,0,1,0,5792,020405b4,,,74,0
1747143237.743677000,0.000033000,6,64,10.7.7.5,10.7.7.4,59740,24454,,,0x0010,1,1,0,129940,,,,66,0
1747143237.743721000,0.000044000,6,64,10.7.7.5,10.7.7.4,34946,21,,,0x0018,324,912,25,129624,,25,,91,0
1747143237.747185000,0.003464000,6,64,10.7.7.4,10.7.7.5,21,34946,,,0x0018,912,349,28,5888,,28,,94,0
1747143237.747433000,0.000248000,6,64,10.7.7.5,10.7.7.4,59740,24454,,,0x0011,1,1,0,129940,,,,66,0
1747143237.747560000,0.000127000,6,64,10.7.7.5,10.7.7.4,34946,21,,,0x0018,349,940,6,129624,,6,,72,0
1747143237.755183000,0.007623000,6,64,10.7.7.4,10.7.7.5,24454,59740,,,0x0014,1,2,0,5888,,,,66,0
1747143237.755184000,0.000001000,6,64,10.7.7.4,10.7.7.5,21,34946,,,0x0018,940,355,49,5888,,49,,115,0
1747143237.755465000,0.000281000,6,64,10.7.7.5,10.7.7.4,33364,50937,,,0x0002,0,0,0,65535,020405b4,,,74,0
1747143237.755613000,0.000148000,6,64,10.7.7.4,10.7.7.5,50937,33364,,,0x0012,0,1,0,5792,020405b4,,,74,0
1747143237.755638000,0.000025000,6,64,10.7.7.5,10.7.7.4,33364,50937,,,0x0010,1,1,0,129940,,,,66,0
1747143237.755697000,0.000059000,6,64,10.7.7.5,10.7.7.4,34946,21,,,0x0018,355,989,18,129624,,18,,84,0
1747143237.764640000,0.008943000,6,64,10.7.7.4,10.7.7.5,21,34946,,,0x0018,989,373,28,5888,,28,,94,0
1747143237.764942000,0.000302000,6,64,10.7.7.5,10.7.7.4,33364,50937,,,0x0011,1,1,0,129940,,,,66,0
1747143237.765282000,0.000340000,6,64,10.7.7.5,10.7.7.4,34946,21,,,0x0018,373,1017,6,129624,,6,,72,0
1747143237.767119000,0.001837000,6,64,10.7.7.4,10.7.7.5,50937,33364,,,0x0010,1,2,0,5888,,,,66,0
1747143237.767203000,0.000084000,6,64,10.7.7.4,10.7.7.5,50937,33364,,,0x0014,1,2,0,5888,,,,66,0
1747143237.767239000,0.000036000,6,64,10.7.7.4,10.7.7.5,21,34946,,,0x0018,1017,379,48,5888,,48,,114,0
1747143237.767392000,0.000153000,6,64,10.7.7.5,10.7.7.4,59370,8266,,,0x0002,0,0,0,65535,020405b4,,,74,0
1747143237.767511000,0.000119000,6,64,10.7.7.4,10.7.7.5,8266,59370,,,0x0012,0,1,0,5792,020405b4,,,74,0
1747143237.767523000,0.000012000,6,64,10.7.7.5,10.7.7.4,59370,8266,,,0x0010,1,1,0,129940,,,,66,0
1747143237.767587000,0.000064000,6,64,10.7.7.5,10.7.7.4,34946,21,,,0x0018,379,1065,21,129624,,21,,87,0
1747143237.775258000,0.007671000,6,64,10.7.7.4,10.7.7.5,21,34946,,,0x0018,1065,400,28,5888,,28,,94,0
1747143237.775965000,0.000707000,6,64,10.7.7.5,10.7.7.4,59370,8266,,,0x0011,1,1,0,129940,,,,66,0
1747143237.776104000,0.000139000,6,64,10.7.7.5,10.7.7.4,34946,21,,,0x0018,400,1093,6,129624,,6,,72,0
1747143237.777184000,0.001080000,6,64,10.7.7.4,10.7.7.5,8266,59370,,,0x0010,1,2,0,5888,,,,66,0
1747143237.787404000,0.010220000,6,64,10.7.7.4,10.7.7.5,21,34946,,,0x0018,1093,406,14,5888,,14,,80,0
1747143237.787405000,0.000001000,6,64,10.7.7.4,10.7.7.5,21,34946,,,0x0011,1107,406,0,5888,,,,66,0
1747143237.787405000,0.000000000,6,64,10.7.7.4,10.7.7.5,8266,59370,,,0x0014,1,2,0,5888,,,,66,0
1747143237.787626000,0.000221000,6,64,10.7.7.5,10.7.7.4,34946,21,,,0x0011,406,1108,0,129624,,,,66,0
1747143237.787769000,0.000143000,6,64,10.7.7.4,10.7.7.5,21,34946,,,0x0010,1108,407,0,5888,,,,66,0
1747143266.888219000,29.100450000,17,64,10.7.7.5,10.7.7.3,,,68,67,,,,,,,,290,324,0
1747143266.891594000,0.003375000,17,255,10.7.7.3,10.7.7.5,,,67,68,,,,,,,,556,590,0
1747143267.159685000,0.268091000,17,64,10.7.7.4,10.7.7.255,,,138,138,,,,,,,,252,286,0
1747143267.159686000,0.000001000,17,64,10.7.7.4,10.7.7.255,,,138,138,,,,,,,,223,257,0
1747143271.953367000,4.793681000,,,,,,,,,,,,,,,,,42,0
1747143271.953497000,0.000130000,,,,,,,,,,,,,,,,,60,0
1747143450.123049000,178.169552000,6,64,10.7.7.4,10.7.7.5,59111,80,,,0x0002,0,0,0,5840,020405b4,,,74,0
1747143450.123091000,0.000042000,6,64,10.7.7.5,10.7.7.4,80,59111,,,0x0012,0,1,0,65160,020405b4,,,74,0
1747143450.123332000,0.000241000,6,64,10.7.7.4,10.7.7.5,59111,80,,,0x0010,1,1,0,5888,,,,66,0
1747143450.123551000,0.000219000,6,64,10.7.7.4,10.7.7.5,59111,80,,,0x0018,1,1,104,5888,,104,,170,0
1747143450.123575000,0.000024000,6,64,10.7.7.5,10.7.7.4,80,59111,,,0x0010,1,105,0,65152,,,,66,0
1747143450.126109000,0.002534000,6,64,10.7.7.5,10.7.7.4,80,59111,,,0x0018,1,105,487,65152,,487,,553,0
1747143450.126336000,0.000227000,6,64,10.7.7.4,10.7.7.5,59111,80,,,0x0010,105,488,0,6912,,,,66,0
1747143450.127144000,0.000808000,6,64,10.7.7.4,10.7.7.5,59111,80,,,0x0011,105,488,0,6912,,,,66,0
1747143450.127232000,0.000088000,6,64,10.7.7.5,10.7.7.4,80,59111,,,0x0011,488,106,0,65152,,,,66,0
1747143450.127368000,0.000136000,6,64,10.7.7.4,10.7.7.5,59111,80,,,0x0010,106,489,0,6912,,,,66,0
1747143455.277256000,5.149888000,,,,,,,,,,,,,,,,,42,0
1747143455.277552000,0.000296000,,,,,,,,,,,,,,,,,60,0
1747143456.602829000,1.325277000,6,64,10.7.7.4,10.7.7.5,59112,80,,,0x0002,0,0,0,5840,020405b4,,,74,0
1747143456.602859000,0.000030000,6,64,10.7.7.5,10.7.7.4,80,59112,,,0x0012,0,1,0,65160,020405b4,,,74,0
1747143456.603075000,0.000216000,6,64,10.7.7.4,10.7.7.5,59112,80,,,0x0010,1,1,0,5888,,,,66,0
1747143456.603318000,0.000243000,6,64,10.7.7.4,10.7.7.5,59112,80,,,0x0018,1,1,105,5888,,105,,171,0
1747143456.603364000,0.000046000,6,64,10.7.7.5,10.7.7.4,80,59112,,,0x0010,1,106,0,65152,,,,66,0
1747143456.604128000,0.000764000,6,64,10.7.7.5,10.7.7.4,80,59112,,,0x0018,1,106,487,65152,,487,,553,0
1747143456.604407000,0.000279000,6,64,10.7.7.4,10.7.7.5,59112,80,,,0x0010,106,488,0,6912,,,,66,0
1747143456.605184000,0.000777000,6,64,10.7.7.4,10.7.7.5,59112,80,,,0x0011,106,488,0,6912,,,,66,0
1747143456.605250000,0.000066000,6,64,10.7.7.5,10.7.7.4,80,59112,,,0x0011,488,107,0,65152,,,,66,0
1747143456.605381000,0.000131000,6,64,10.7.7.4,10.7.7.5,59112,80,,,0x0010,107,489,0,6912,,,,66,0
1747143459.335397000,2.730016000,6,64,10.7.7.4,10.7.7.5,59113,80,,,0x0002,0,0,0,5840,020405b4,,,74,0
1747143459.335439000,0.000042000,6,64,10.7.7.5,10.7.7.4,80,59113,,,0x0012,0,1,0,65160,020405b4,,,74,0
1747143459.335706000,0.000267000,6,64,10.7.7.4,10.7.7.5,59113,80,,,0x0010,1,1,0,5888,,,,66,0
1747143459.335833000,0.000127000,6,64,10.7.7.4,10.7.7.5,59113,80,,,0x0018,1,1,105,5888,,105,,171,0
1747143459.335868000,0.000035000,6,64,10.7.7.5,10.7.7.4,80,59113,,,0x0010,1,106,0,65152,,,,66,0
1747143459.336696000,0.000828000,6,64,10.7.7.5,10.7.7.4,80,59113,,,0x0018,1,106,487,65152,,487,,553,0
1747143459.337051000,0.000355000,6,64,10.7.7.4,10.7.7.5,59113,80,,,0x0010,106,488,0,6912,,,,66,0
1747143459.337797000,0.000746000,6,64,10.7.7.4,10.7.7.5,59113,80,,,0x0011,106,488,0,6912,,,,66,0
1747143459.337866000,0.000069000,6,64,10.7.7.5,10.7.7.4,80,59113,,,0x0011,488,107,0,65152,,,,66,0
1747143459.337975000,0.000109000,6,64,10.7.7.4,10.7.7.5,59113,80,,,0x0010,107,489,0,6912,,,,66,0
1747143463.532913000,4.194938000,6,64,10.7.7.4,10.7.7.5,59114,80,,,0x0002,0,0,0,5840,020405b4,,,74,0
1747143463.532941000,0.000028000,6,64,10.7.7.5,10.7.7.4,80,59114,,,0x0012,0,1,0,65160,020405b4,,,74,0
1747143463.533118000,0.000177000,6,64,10.7.7.4,10.7.7.5,59114,80,,,0x0010,1,1,0,5888,,,,66,0
1747143463.533370000,0.000252000,6,64,10.7.7.4,10.7.7.5,59114,80,,,0x0018,1,1,105,5888,,105,,171,0
1747143463.533398000,0.000028000,6,64,10.7.7.5,10.7.7.4,80,59114,,,0x0010,1,106,0,65152,,,,66,0
1747143463.533937000,0.000539000,6,64,10.7.7.5,10.7.7.4,80,59114,,,0x0018,1,106,487,65152,,487,,553,0
1747143463.534329000,0.000392000,6,64,10.7.7.4,10.7.7.5,59114,80,,,0x0010,106,488,0,6912,,,,66,0
1747143463.535099000,0.000770000,6,64,10.7.7.4,10.7.7.5,59114,80,,,0x0011,106,488,0,6912,,,,66,0
1747143463.535217000,0.000118000,6,64,10.7.7.5,10.7.7.4,80,59114,,,0x0011,488,107,0,65152,,,,66,0
1747143463.535416000,0.000199000,6,64,10.7.7.4,10.7.7.5,59114,80,,,0x0010,107,489,0,6912,,,,66,0
1747143469.140756000,5.605340000,6,64,10.7.7.4,10.7.7.5,59115,80,,,0x0002,0,0,0,5840,020405b4,,,74,0
1747143469.140796000,0.000040000,6,64,10.7.7.5,10.7.7.4,80,59115,,,0x0012,0,1,0,65160,020405b4,,,74,0
1747143469.141069000,0.000273000,6,64,10.7.7.4,10.7.7.5,59115,80,,,0x0010,1,1,0,5888,,,,66,0
1747143469.141384000,0.000315000,6,64,10.7.7.4,10.7.7.5,59115,80,,,0x0018,1,1,105,5888,,105,,171,0
1747143469.141433000,0.000049000,6,64,10.7.7.5,10.7.7.4,80,59115,,,0x0010,1,106,0,65152,,,,66,0
1747143469.142243000,0.000810000,6,64,10.7.7.5,10.7.7.4,80,59115,,,0x0018,1,106,487,65152,,487,,553,0
1747143469.142498000,0.000255000,6,64,10.7.7.4,10.7.7.5,59115,80,,,0x0010,106,488,0,6912,,,,66,0
1747143469.143321000,0.000823000,6,64,10.7.7.4,10.7.7.5,59115,80,,,0x0011,106,488,0,6912,,,,66,0
1747143469.143481000,0.000160000,6,64,10.7.7.5,10.7.7.4,80,59115,,,0x0011,488,107,0,65152,,,,66,0
1747143469.143635000,0.000154000,6,64,10.7.7.4,10.7.7.5,59115,80,,,0x0010,107,489,0,6912,,,,66,0
1747143473.848410000,4.704775000,6,64,10.7.7.4,10.7.7.5,59116,80,,,0x0002,0,0,0,5840,020405b4,,,74,0
1747143473.848462000,0.000052000,6,64,10.7.7.5,10.7.7.4,80,59116,,,0x0012,0,1,0,65160,020405b4,,,74,0
1747143473.848641000,0.000179000,6,64,10.7.7.4,10.7.7.5,59116,80,,,0x0010,1,1,0,5888,,,,66,0
1747143473.848854000,0.000213000,6,64,10.7.7.4,10.7.7.5,59116,80,,,0x0018,1,1,96,5888,,96,,162,0
1747143473.848879000,0.000025000,6,64,10.7.7.5,10.7.7.4,80,59116,,,0x0010,1,97,0,65152,,,,66,0
1747143473.851572000,0.002693000,6,64,10.7.7.5,10.7.7.4,80,59116,,,0x0018,1,97,2896,65152,,2896,,2962,0
1747143473.851662000,0.000090000,6,64,10.7.7.5,10.7.7.4,80,59116,,,0x0018,2897,97,2896,65152,,5792,,2962,0
1747143473.851812000,0.000150000,6,64,10.7.7.4,10.7.7.5,59116,80,,,0x0010,97,1449,0,8832,,,,66,0
1747143473.851832000,0.000020000,6,64,10.7.7.5,10.7.7.4,80,59116,,,0x0018,5793,97,4488,65152,,8832,,4554,0
1747143473.851937000,0.000105000,6,64,10.7.7.4,10.7.7.5,59116,80,,,0x0010,97,2897,0,11648,,,,66,0
1747143473.851938000,0.000001000,6,64,10.7.7.4,10.7.7.5,59116,80,,,0x0010,97,4345,0,14592,,,,66,0
1747143473.851938000,0.000000000,6,64,10.7.7.4,10.7.7.5,59116,80,,,0x0010,97,5793,0,17536,,,,66,0
1747143473.851947000,0.000009000,6,64,10.7.7.5,10.7.7.4,80,59116,,,0x0018,10281,97,734,65152,,5222,,800,0
1747143473.852097000,0.000150000,6,64,10.7.7.4,10.7.7.5,59116,80,,,0x0010,97,7241,0,20352,,,,66,0
1747143473.852097000,0.000000000,6,64,10.7.7.4,10.7.7.5,59116,80,,,0x0010,97,8689,0,23296,,,,66,0
1747143473.852097000,0.000000000,6,64,10.7.7.4,10.7.7.5,59116,80,,,0x0010,97,10137,0,26112,,,,66,0
1747143473.852098000,0.000001000,6,64,10.7.7.4,10.7.7.5,59116,80,,,0x0010,97,10281,0,29056,,,,66,0
1747143473.852098000,0.000000000,6,64,10.7.7.4,10.7.7.5,59116,80,,,0x0010,97,11015,0,32000,,,,66,0
1747143474.181189000,0.329091000,6,64,10.7.7.4,10.7.7.5,59116,80,,,0x0011,97,11015,0,32000,,,,66,0
1747143474.181321000,0.000132000,6,64,10.7.7.5,10.7.7.4,80,59116,,,0x0011,11015,98,0,65152,,,,66,0
1747143474.181687000,0.000366000,6,64,10.7.7.4,10.7.7.5,59116,80,,,0x0010,98,11016,0,32000,,,,66,0
1747143482.336887000,8.155200000,6,64,10.7.7.4,10.7.7.5,59117,80,,,0x0002,0,0,0,5840,020405b4,,,74,0
1747143482.336927000,0.000040000,6,64,10.7.7.5,10.7.7.4,80,59117,,,0x0012,0,1,0,65160,020405b4,,,74,0
1747143482.337110000,0.000183000,6,64,10.7.7.4,10.7.7.5,59117,80,,,0x0010,1,1,0,5888,,,,66,0
1747143482.337439000,0.000329000,6,64,10.7.7.4,10.7.7.5,59117,80,,,0x0018,1,1,96,5888,,96,,162,0
1747143482.337478000,0.000039000,6,64,10.7.7.5,10.7.7.4,80,59117,,,0x0010,1,97,0,65152,,,,66,0
1747143482.338005000,0.000527000,6,64,10.7.7.5,10.7.7.4,80,59117,,,0x0018,1,97,2896,65152,,2896,,2962,0
1747143482.338292000,0.000287000,6,64,10.7.7.4,10.7.7.5,59117,80,,,0x0010,97,1449,0,8832,,,,66,0
1747143482.338293000,0.000001000,6,64,10.7.7.4,10.7.7.5,59117,80,,,0x0010,97,2897,0,11648,,,,66,0
1747143482.338457000,0.000164000,6,64,10.7.7.5,10.7.7.4,80,59117,,,0x0018,2897,97,2896,65152,,2896,,2962,0
1747143482.338495000,0.000038000,6,64,10.7.7.5,10.7.7.4,80,59117,,,0x0018,5793,97,5222,65152,,8118,,5288,0
1747143482.338632000,0.000137000,6,64,10.7.7.4,10.7.7.5,59117,80,,,0x0010,97,4345,0,14592,,,,66,0
1747143482.338633000,0.000001000,6,64,10.7.7.4,10.7.7.5,59117,80,,,0x0010,97,5793,0,17536,,,,66,0
1747143482.338634000,0.000001000,6,64,10.7.7.4,10.7.7.5,59117,80,,,0x0010,97,7241,0,20352,,,,66,0
1747143482.338635000,0.000001000,6,64,10.7.7.4,10.7.7.5,59117,80,,,0x0010,97,8689,0,23296,,,,66,0
1747143482.338635000,0.000000000,6,64,10.7.7.4,10.7.7.5,59117,80,,,0x0010,97,10137,0,26112,,,,66,0
1747143482.338636000,0.000001000,6,64,10.7.7.4,10.7.7.5,59117,80,,,0x0010,97,11015,0,29056,,,,66,0
1747143482.340678000,0.002042000,6,64,10.7.7.4,10.7.7.5,59117,80,,,0x0011,97,11015,0,29056,,,,66,0
1747143482.340752000,0.000074000,6,64,10.7.7.5,10.7.7.4,80,59117,,,0x0011,11015,98,0,65152,,,,66,0
1747143482.340882000,0.000130000,6,64,10.7.7.4,10.7.7.5,59117,80,,,0x0010,98,11016,0,29056,,,,66,0
1747143485.955495000,3.614613000,6,64,10.7.7.4,10.7.7.5,59118,80,,,0x0002,0,0,0,5840,020405b4,,,74,0
1747143485.955524000,0.000029000,6,64,10.7.7.5,10.7.7.4,80,59118,,,0x0012,0,1,0,65160,020405b4,,,74,0
1747143485.955679000,0.000155000,6,64,10.7.7.4,10.7.7.5,59118,80,,,0x0010,1,1,0,5888,,,,66,0
1747143485.955942000,0.000263000,6,64,10.7.7.4,10.7.7.5,59118,80,,,0x0018,1,1,97,5888,,97,,163,0
1747143485.955977000,0.000035000,6,64,10.7.7.5,10.7.7.4,80,59118,,,0x0010,1,98,0,65152,,,,66,0
1747143485.956364000,0.000387000,6,64,10.7.7.5,10.7.7.4,80,59118,,,0x0018,1,98,487,65152,,487,,553,0
1747143485.956646000,0.000282000,6,64,10.7.7.4,10.7.7.5,59118,80,,,0x0010,98,488,0,6912,,,,66,0
1747143485.957446000,0.000800000,6,64,10.7.7.4,10.7.7.5,59118,80,,,0x0011,98,488,0,6912,,,,66,0
1747143485.957524000,0.000078000,6,64,10.7.7.5,10.7.7.4,80,59118,,,0x0011,488,99,0,65152,,,,66,0
1747143485.957669000,0.000145000,6,64,10.7.7.4,10.7.7.5,59118,80,,,0x0010,99,489,0,6912,,,,66,0
1747143548.918642000,62.960973000,6,64,10.7.7.5,10.7.7.4,60644,9999,,,0x0002,0,0,0,64240,020405b4,,,74,0
1747143548.918860000,0.000218000,6,64,10.7.7.4,10.7.7.5,9999,60644,,,0x0012,0,1,0,5792,020405b4,,,74,0
1747143548.918882000,0.000022000,6,64,10.7.7.5,10.7.7.4,60644,9999,,,0x0010,1,1,0,64256,,,,66,0
1747143548.922911000,0.004029000,,,,,,,,,,,,,,,,,60,0
1747143553.566015000,4.643104000,6,64,10.7.7.5,10.7.7.4,60644,9999,,,0x0018,1,1,6,64256,,6,,72,0
1747143553.566230000,0.000215000,6,64,10.7.7.4,10.7.7.5,9999,60644,,,0x0010,1,7,0,5888,,,,66,0
1747143554.067514000,0.501284000,,,,,,,,,,,,,,,,,42,0
1747143554.067722000,0.000208000,,,,,,,,,,,,,,,,,60,0
1747143566.899751000,12.832029000,17,64,10.7.7.5,10.7.7.3,,,68,67,,,,,,,,290,324,0
1747143566.904235000,0.004484000,17,255,10.7.7.3,10.7.7.5,,,67,68,,,,,,,,556,590,0
1747143571.973317000,5.069082000,,,,,,,,,,,,,,,,,42,0
1747143571.974445000,0.001128000,,,,,,,,,,,,,,,,,60,0
1747143614.219425000,42.244980000,6,64,10.7.7.4,10.7.7.5,9999,60644,,,0x0018,1,7,16,5888,,16,,82,0
1747143614.219468000,0.000043000,6,64,10.7.7.5,10.7.7.4,60644,9999,,,0x0010,7,17,0,64256,,,,66,0
1747143619.333231000,5.113763000,,,,,,,,,,,,,,,,,42,0
1747143619.333534000,0.000303000,,,,,,,,,,,,,,,,,60,0
1747143622.726184000,3.392650000,6,64,10.7.7.4,10.7.7.5,9999,60644,,,0x0018,17,7,33,5888,,33,,99,0
1747143622.726213000,0.000029000,6,64,10.7.7.5,10.7.7.4,60644,9999,,,0x0010,7,50,0,64256,,,,66,0
1747143630.499993000,7.773780000,6,64,10.7.7.5,10.7.7.4,60644,9999,,,0x0018,7,50,17,64256,,17,,83,0
1747143630.500191000,0.000198000,6,64,10.7.7.4,10.7.7.5,9999,60644,,,0x0010,50,24,0,5888,,,,66,0
1747143636.632584000,6.132393000,6,64,10.7.7.5,10.7.7.4,60644,9999,,,0x0018,24,50,24,64256,,24,,90,0
1747143636.632864000,0.000280000,6,64,10.7.7.4,10.7.7.5,9999,60644,,,0x0010,50,48,0,5888,,,,66,0
1747143642.362622000,5.729758000,6,64,10.7.7.4,10.7.7.5,9999,60644,,,0x0018,50,48,17,5888,,17,,83,0
1747143642.362648000,0.000026000,6,64,10.7.7.5,10.7.7.4,60644,9999,,,0x0010,48,67,0,64256,,,,66,0
1747143646.835684000,4.473036000,6,64,10.7.7.4,10.7.7.5,9999,60644,,,0x0018,67,48,26,5888,,26,,92,0
1747143646.835719000,0.000035000,6,64,10.7.7.5,10.7.7.4,60644,9999,,,0x0010,48,93,0,64256,,,,66,0
1747143651.215249000,4.379530000,6,64,10.7.7.5,10.7.7.4,60644,9999,,,0x0018,48,93,8,64256,,8,,74,0
1747143651.215465000,0.000216000,6,64,10.7.7.4,10.7.7.5,9999,60644,,,0x0010,93,56,0,5888,,,,66,0
1747143654.020883000,2.805418000,6,64,10.7.7.4,10.7.7.5,9999,60644,,,0x0018,93,56,10,5888,,10,,76,0
1747143654.020919000,0.000036000,6,64,10.7.7.5,10.7.7.4,60644,9999,,,0x0010,56,103,0,64256,,,,66,0
1747143667.943873000,13.922954000,6,64,10.7.7.4,10.7.7.5,9999,60644,,,0x0018,103,56,69,5888,,69,,135,0
1747143667.943980000,0.000107000,6,64,10.7.7.5,10.7.7.4,60644,9999,,,0x0010,56,172,0,64256,,,,66,0
1747143676.947096000,9.003116000,6,64,10.7.7.5,10.7.7.4,60644,9999,,,0x0018,56,172,35,64256,,35,,101,0
1747143676.947306000,0.000210000,6,64,10.7.7.4,10.7.7.5,9999,60644,,,0x0010,172,91,0,5888,,,,66,0
1747143680.257647000,3.310341000,6,64,10.7.7.5,10.7.7.4,60644,9999,,,0x0018,91,172,8,64256,,8,,74,0
1747143680.257837000,0.000190000,6,64,10.7.7.4,10.7.7.5,9999,60644,,,0x0010,172,99,0,5888,,,,66,0
1747143684.157049000,3.899212000,6,64,10.7.7.4,10.7.7.5,9999,60644,,,0x0018,172,99,12,5888,,12,,78,0
1747143684.157090000,0.000041000,6,64,10.7.7.5,10.7.7.4,60644,9999,,,0x0010,99,184,0,64256,,,,66,0
1747143687.300447000,3.143357000,17,64,10.7.7.4,10.7.7.255,,,138,138,,,,,,,,252,286,0
1747143687.300448000,0.000001000,17,64,10.7.7.4,10.7.7.255,,,138,138,,,,,,,,223,257,0
1747143694.170136000,6.869688000,6,64,10.7.7.5,10.7.7.4,60644,9999,,,0x0018,99,184,115,64256,,115,,181,0
1747143694.170334000,0.000198000,6,64,10.7.7.4,10.7.7.5,9999,60644,,,0x0010,184,214,0,5888,,,,66,0
1747143711.603686000,17.433352000,6,64,10.7.7.5,10.7.7.4,60644,9999,,,0x0018,214,184,261,64256,,261,,327,0
1747143711.604039000,0.000353000,6,64,10.7.7.4,10.7.7.5,9999,60644,,,0x0010,184,475,0,6912,,,,66,0
1747143714.156409000,2.552370000,6,64,10.7.7.4,10.7.7.5,9999,60644,,,0x0018,184,475,8,6912,,8,,74,0
1747143714.156439000,0.000030000,6,64,10.7.7.5,10.7.7.4,60644,9999,,,0x0010,475,192,0,64256,,,,66,0
1747143756.179642000,42.023203000,6,64,10.7.7.5,10.7.7.4,60644,9999,,,0x0018,475,192,241,64256,,241,,307,0
1747143756.179892000,0.000250000,6,64,10.7.7.4,10.7.7.5,9999,60644,,,0x0010,192,716,0,7936,,,,66,0
1747143761.421642000,5.241750000,,,,,,,,,,,,,,,,,42,0
1747143761.422028000,0.000386000,,,,,,,,,,,,,,,,,60,0
1747143761.880358000,0.458330000,6,64,10.7.7.4,10.7.7.5,9999,60644,,,0x0018,192,716,7,7936,,7,,73,0
1747143761.880395000,0.000037000,6,64,10.7.7.5,10.7.7.4,60644,9999,,,0x0010,716,199,0,64256,,,,66,0
1747143765.550780000,3.670385000,6,64,10.7.7.4,10.7.7.5,9999,60644,,,0x0018,199,716,17,7936,,17,,83,0
1747143765.550813000,0.000033000,6,64,10.7.7.5,10.7.7.4,60644,9999,,,0x0010,716,216,0,64256,,,,66,0
1747143777.708891000,12.158078000,6,64,10.7.7.4,10.7.7.5,9999,60644,,,0x0018,216,716,14,7936,,14,,80,0
1747143777.708921000,0.000030000,6,64,10.7.7.5,10.7.7.4,60644,9999,,,0x0010,716,230,0,64256,,,,66,0
1747143780.829164000,3.120243000,6,64,10.7.7.4,10.7.7.5,9999,60644,,,0x0018,230,716,4,7936,,4,,70,0
1747143780.829212000,0.000048000,6,64,10.7.7.5,10.7.7.4,60644,9999,,,0x0010,716,234,0,64256,,,,66,0
1747143827.841100000,47.011888000,6,64,10.7.7.4,10.7.7.5,9999,60644,,,0x0018,234,716,24,7936,,24,,90,0
1747143827.841164000,0.000064000,6,64,10.7.7.5,10.7.7.4,60644,9999,,,0x0010,716,258,0,64256,,,,66,0
1747143832.825090000,4.983926000,6,64,10.7.7.4,10.7.7.5,9999,60644,,,0x0018,258,716,6,7936,,6,,72,0
1747143832.825115000,0.000025000,6,64,10.7.7.5,10.7.7.4,60644,9999,,,0x0010,716,264,0,64256,,,,66,0
1747143833.217719000,0.392604000,,,,,,,,,,,,,,,,,42,0
1747143833.218059000,0.000340000,,,,,,,,,,,,,,,,,60,0
1747143866.954372000,33.736313000,17,64,10.7.7.5,10.7.7.3,,,68,67,,,,,,,,290,324,0
1747143866.957889000,0.003517000,17,255,10.7.7.3,10.7.7.5,,,67,68,,,,,,,,556,590,0
1747143872.006161000,5.048272000,,,,,,,,,,,,,,,,,42,0
1747143872.006470000,0.000309000,,,,,,,,,,,,,,,,,60,0
1747143945.447876000,73.441406000,,,,,,,,,,,,,,,,,60,0
1747144167.026914000,221.579038000,17,64,10.7.7.5,10.7.7.3,,,68,67,,,,,,,,290,324,0
1747144167.031763000,0.004849000,17,255,10.7.7.3,10.7.7.5,,,67,68,,,,,,,,556,590,0
1747144167.469047000,0.437284000,17,64,10.7.7.4,10.7.7.255,,,138,138,,,,,,,,252,286,0
1747144167.469049000,0.000002000,17,64,10.7.7.4,10.7.7.255,,,138,138,,,,,,,,223,257,0
1747144172.051713000,4.582664000,,,,,,,,,,,,,,,,,42,0
1747144172.051959000,0.000246000,,,,,,,,,,,,,,,,,60,0
1747144183.626901000,11.574942000,6,64,10.7.7.4,10.7.7.5,9999,60644,,,0x0018,264,716,5,7936,,5,,71,0
1747144183.626932000,0.000031000,6,64,10.7.7.5,10.7.7.4,60644,9999,,,0x0010,716,269,0,64256,,,,66,0
1747144184.713155000,1.086223000,6,64,10.7.7.4,10.7.7.5,9999,60644,,,0x0018,269,716,8,7936,,8,,74,0
1747144184.713183000,0.000028000,6,64,10.7.7.5,10.7.7.4,60644,9999,,,0x0010,716,277,0,64256,,,,66,0
1747144185.499197000,0.786014000,6,64,10.7.7.4,10.7.7.5,9999,60644,,,0x0018,277,716,6,7936,,6,,72,0
1747144185.499229000,0.000032000,6,64,10.7.7.5,10.7.7.4,60644,9999,,,0x0010,716,283,0,64256,,,,66,0
1747144188.677573000,3.178344000,,,,,,,,,,,,,,,,,42,0
1747144188.677979000,0.000406000,,,,,,,,,,,,,,,,,60,0
1747144189.146000000,0.468021000,6,64,10.7.7.4,10.7.7.5,9999,60644,,,0x0018,283,716,37,7936,,37,,103,0
1747144189.146044000,0.000044000,6,64,10.7.7.5,10.7.7.4,60644,9999,,,0x0010,716,320,0,64256,,,,66,0
1747144191.460455000,2.314411000,,,,,,,,,,,,,,,,,62,0
1747144198.551965000,7.091510000,6,64,10.7.7.5,10.7.7.4,60644,9999,,,0x0018,716,320,241,64256,,241,,307,0
1747144198.552255000,0.000290000,6,64,10.7.7.4,10.7.7.5,9999,60644,,,0x0010,320,957,0,9088,,,,66,0
1747144198.552270000,0.000015000,6,64,10.7.7.5,10.7.7.4,60644,9999,,,0x0018,957,320,63,64256,,63,,129,0
1747144198.552369000,0.000099000,6,64,10.7.7.4,10.7.7.5,9999,60644,,,0x0010,320,1020,0,9088,,,,66,0
1747144205.971857000,7.419488000,6,64,10.7.7.5,10.7.7.4,60644,9999,,,0x0011,1020,320,0,64256,,,,66,0
1747144205.972106000,0.000249000,6,64,10.7.7.4,10.7.7.5,9999,60644,,,0x0011,320,1021,0,9088,,,,66,0
1747144205.972124000,0.000018000,6,64,10.7.7.5,10.7.7.4,60644,9999,,,0x0010,1021,321,0,64256,,,,66,0
